-- phpMyAdmin SQL Dump
-- version 4.0.4
-- http://www.phpmyadmin.net
--
-- 主机: localhost
-- 生成日期: 2013 年 08 月 31 日 18:59
-- 服务器版本: 5.5.30-log
-- PHP 版本: 5.4.17

SET SQL_MODE = "NO_AUTO_VALUE_ON_ZERO";
SET time_zone = "+00:00";


/*!40101 SET @OLD_CHARACTER_SET_CLIENT=@@CHARACTER_SET_CLIENT */;
/*!40101 SET @OLD_CHARACTER_SET_RESULTS=@@CHARACTER_SET_RESULTS */;
/*!40101 SET @OLD_COLLATION_CONNECTION=@@COLLATION_CONNECTION */;
/*!40101 SET NAMES utf8 */;

--
-- 数据库: `blog`
--
CREATE DATABASE IF NOT EXISTS `blog` DEFAULT CHARACTER SET utf8 COLLATE utf8_general_ci;
USE `blog`;

-- --------------------------------------------------------

--
-- 表的结构 `authors`
--

CREATE TABLE IF NOT EXISTS `authors` (
  `author_id` int(11) NOT NULL AUTO_INCREMENT,
  `email` varchar(100) NOT NULL,
  `login_name` varchar(100) NOT NULL,
  `password` varchar(100) NOT NULL,
  `nickname` varchar(100) DEFAULT NULL,
  `url` varchar(100) DEFAULT NULL,
  `registered_time` datetime NOT NULL,
  `role` int(11) NOT NULL,
  `post_count` int(11) DEFAULT NULL,
  PRIMARY KEY (`author_id`),
  UNIQUE KEY `email` (`email`),
  UNIQUE KEY `login_name` (`login_name`)
) ENGINE=InnoDB  DEFAULT CHARSET=utf8 AUTO_INCREMENT=3 ;

--
-- 转存表中的数据 `authors`
--

INSERT INTO `authors` (`author_id`, `email`, `login_name`, `password`, `nickname`, `url`, `registered_time`, `role`, `post_count`) VALUES
(1, 'junfeng17@gmail.com', 'algu', 'py7blog', 'algu', 'http://algu.me', '2013-07-20 00:00:00', 1, 0),
(2, '645860478@qq.com', 'LittleFish', 'zhangjing', 'littlefish', NULL, '2013-03-23 01:38:54', 3, 0);

-- --------------------------------------------------------

--
-- 表的结构 `categories`
--

CREATE TABLE IF NOT EXISTS `categories` (
  `category_id` int(11) NOT NULL AUTO_INCREMENT,
  `category_name` varchar(100) NOT NULL,
  `category_count` int(11) DEFAULT NULL,
  PRIMARY KEY (`category_id`),
  UNIQUE KEY `category_name` (`category_name`)
) ENGINE=InnoDB  DEFAULT CHARSET=utf8 AUTO_INCREMENT=8 ;

--
-- 转存表中的数据 `categories`
--

INSERT INTO `categories` (`category_id`, `category_name`, `category_count`) VALUES
(0, '未分类', 1),
(1, '电影', 1),
(2, '心情', 1),
(3, '摄影', 0),
(4, '日志', 0),
(5, '照片', 0),
(6, '程序猿', 1),
(7, '页面', 2);

-- --------------------------------------------------------

--
-- 表的结构 `comments`
--

CREATE TABLE IF NOT EXISTS `comments` (
  `comment_id` int(11) NOT NULL AUTO_INCREMENT,
  `comment_post_id` int(11) NOT NULL,
  `author_id` int(11) DEFAULT '0',
  `comment_author` varchar(100) NOT NULL,
  `comment_author_email` varchar(100) NOT NULL,
  `comment_author_url` varchar(100) DEFAULT '',
  `comment_author_ip` varchar(100) NOT NULL,
  `comment_date` datetime NOT NULL,
  `comment_gmt` datetime NOT NULL,
  `comment_content` mediumtext NOT NULL,
  `comment_status` int(11) NOT NULL,
  `comment_agent` varchar(200) DEFAULT '',
  `comment_parent` int(11) DEFAULT '0',
  PRIMARY KEY (`comment_id`)
) ENGINE=InnoDB  DEFAULT CHARSET=utf8 AUTO_INCREMENT=155 ;

--
-- 转存表中的数据 `comments`
--

INSERT INTO `comments` (`comment_id`, `comment_post_id`, `author_id`, `comment_author`, `comment_author_email`, `comment_author_url`, `comment_author_ip`, `comment_date`, `comment_gmt`, `comment_content`, `comment_status`, `comment_agent`, `comment_parent`) VALUES
(1, 1, 0, 'Gaaradex', 'huidexuan@foxmail.com', 'http://gaaradex.jimdo.com/', '211.140.199.42', '2012-07-08 08:19:33', '2012-07-08 00:19:33', '加油！', 1, '', 0),
(2, 1, 1, 'Code墨', 'junfeng17@gmail.com', '', '182.112.204.214', '2012-07-08 21:10:00', '2012-07-08 13:10:00', '会的！！！', 1, '', 2),
(3, 1, 0, 'icuber', 'wang_pengfei@msn.com', '', '123.55.198.116', '2012-07-15 14:33:54', '2012-07-15 06:33:54', '呵呵', 1, '', 0),
(4, 3, 0, 'Gaaradex', 'huidexuan@foxmail.com', 'http://gaaradex.jimdo.com/', '123.150.182.164', '2012-07-11 22:52:51', '2012-07-11 14:52:51', '怎么不更新了呢？', 1, '', 0),
(5, 3, 1, 'Code墨', 'junfeng17@gmail.com', '', '115.52.97.210', '2012-07-14 21:33:17', '2012-07-14 13:33:17', '这要有灵感啊！！', 1, '', 4),
(6, 3, 0, 'Gaaradex', 'huidexuan@foxmail.com', 'http://gaaradex.jimdo.com/', '218.24.179.207', '2012-07-15 14:10:44', '2012-07-15 06:10:44', '费半天事把表格填好了，不知道评论什么。。。', 1, '', 5),
(7, 3, 0, 'icuber', 'wang_pengfei@msn.com', '', '123.55.198.116', '2012-07-15 14:16:33', '2012-07-15 06:16:33', '你们俩现在怎么都开始写博客了?你这个是wordpress?', 1, '', 0),
(8, 3, 1, 'Code墨', 'junfeng17@gmail.com', '', '182.112.192.138', '2012-07-15 20:34:37', '2012-07-15 12:34:37', '没事，就写写，也不经常能够更新！这个是wordpress博客平台', 1, '', 7),
(9, 3, 1, 'Code墨', 'junfeng17@gmail.com', '', '182.112.192.138', '2012-07-15 20:36:10', '2012-07-15 12:36:10', '什么意思？？', 1, '', 6),
(10, 4, 0, 'icuber', 'wang_pengfei@msn.com', '', '123.55.198.116', '2012-07-15 22:36:16', '2012-07-15 14:36:16', '简介?', 1, '', 0),
(11, 4, 0, 'icuber', 'wang_pengfei@msn.com', '', '123.55.198.116', '2012-07-15 22:37:47', '2012-07-15 14:37:47', '连载的漫画?', 1, '', 0),
(12, 4, 1, 'Code墨', 'junfeng17@gmail.com', '', '182.112.192.138', '2012-07-15 22:50:12', '2012-07-15 14:50:12', '看后感', 1, '', 11),
(13, 4, 1, 'Code墨', 'junfeng17@gmail.com', '', '182.112.192.138', '2012-07-15 22:50:28', '2012-07-15 14:50:28', '动漫，也有漫画', 1, '', 12),
(14, 4, 0, 'gaaradex', 'huidexuan@foxmail.com', '', '211.140.199.44', '2012-07-16 17:28:15', '2012-07-16 09:28:15', '网站头部多出一行提示，没注意呵~', 1, '', 0),
(15, 4, 1, 'Code墨', 'junfeng17@gmail.com', '', '182.112.193.113', '2012-07-16 20:49:13', '2012-07-16 12:49:13', '暂时留着它！！', 1, '', 15),
(16, 5, 0, 'icuber', 'wang_pengfei@msn.com', '', '123.163.192.170', '2012-07-18 14:44:55', '2012-07-18 06:44:55', '......', 1, '', 0),
(17, 9, 0, 'icuber', 'wang_pengfei@msn.com', '', '1.197.236.109', '2012-08-11 23:19:02', '2012-08-11 15:19:02', '受不了', 1, '', 0),
(18, 9, 0, 'icuber', 'wang_pengfei@msn.com', '', '1.197.236.109', '2012-08-11 23:19:19', '2012-08-11 15:19:19', '怎么搞的', 1, '', 0),
(19, 9, 0, 'icuber', 'wang_pengfei@msn.com', '', '1.197.236.109', '2012-08-11 23:19:36', '2012-08-11 15:19:36', '今天手气不好', 1, '', 0),
(20, 9, 0, 'icuber', 'wang_pengfei@msn.com', '', '1.197.236.109', '2012-08-11 23:19:59', '2012-08-11 15:19:59', '我怀疑你和得轩联合阴我', 1, '', 0),
(21, 9, 0, 'icuber', 'wang_pengfei@msn.com', '', '1.197.236.109', '2012-08-11 23:20:14', '2012-08-11 15:20:14', '是不是?', 1, '', 0),
(22, 9, 0, 'icuber', 'wang_pengfei@msn.com', '', '1.197.236.109', '2012-08-11 23:20:29', '2012-08-11 15:20:29', '这是第几条?', 1, '', 0),
(23, 9, 0, 'icuber', 'wang_pengfei@msn.com', '', '1.197.236.109', '2012-08-11 23:20:49', '2012-08-11 15:20:49', '还有三十多条', 1, '', 0),
(24, 9, 0, 'icuber', 'wang_pengfei@msn.com', '', '1.197.236.109', '2012-08-11 23:21:07', '2012-08-11 15:21:07', '说点什么?', 1, '', 0),
(25, 9, 0, 'icuber', 'wang_pengfei@msn.com', '', '1.197.236.109', '2012-08-11 23:21:23', '2012-08-11 15:21:23', '貌似评论不能太快', 1, '', 0),
(26, 9, 0, 'icuber', 'wang_pengfei@msn.com', '', '1.197.236.109', '2012-08-11 23:21:39', '2012-08-11 15:21:39', '悲哀', 1, '', 0),
(27, 9, 0, 'icuber', 'wang_pengfei@msn.com', '', '1.197.236.109', '2012-08-11 23:21:56', '2012-08-11 15:21:56', '还有三十条', 1, '', 0),
(28, 9, 0, 'icuber', 'wang_pengfei@msn.com', '', '1.197.236.109', '2012-08-11 23:22:15', '2012-08-11 15:22:15', '你的留言板比得轩的方便完了', 1, '', 0),
(29, 9, 0, 'icuber', 'wang_pengfei@msn.com', '', '1.197.236.109', '2012-08-11 23:22:30', '2012-08-11 15:22:30', '得轩那个要刷新', 1, '', 0),
(30, 9, 0, 'icuber', 'wang_pengfei@msn.com', '', '1.197.236.109', '2012-08-11 23:22:50', '2012-08-11 15:22:50', '只能说是手气不好', 1, '', 0),
(31, 9, 0, 'icuber', 'wang_pengfei@msn.com', '', '1.197.236.109', '2012-08-11 23:23:05', '2012-08-11 15:23:05', '唉', 1, '', 0),
(32, 9, 0, 'icuber', 'wang_pengfei@msn.com', '', '1.197.236.109', '2012-08-11 23:23:22', '2012-08-11 15:23:22', '煎熬啊', 1, '', 0),
(33, 9, 0, 'icuber', 'wang_pengfei@msn.com', '', '1.197.236.109', '2012-08-11 23:23:40', '2012-08-11 15:23:40', '睡觉了吧', 1, '', 0),
(34, 9, 0, 'icuber', 'wang_pengfei@msn.com', '', '1.197.236.109', '2012-08-11 23:24:02', '2012-08-11 15:24:02', '强忍着瞌睡在此留言', 1, '', 0),
(35, 9, 0, 'icuber', 'wang_pengfei@msn.com', '', '1.197.236.109', '2012-08-11 23:24:22', '2012-08-11 15:24:22', '还有一条', 1, '', 0),
(36, 9, 0, 'icuber', 'wang_pengfei@msn.com', '', '1.197.236.109', '2012-08-11 23:24:37', '2012-08-11 15:24:37', '今天先留这么多吧', 1, '', 0),
(37, 9, 1, 'Code墨', 'junfeng17@gmail.com', '', '182.112.205.21', '2012-08-12 11:45:23', '2012-08-12 03:45:23', '仅仅是运气好而已', 1, '', 20),
(38, 9, 1, 'Code墨', 'junfeng17@gmail.com', '', '182.112.205.21', '2012-08-12 11:45:46', '2012-08-12 03:45:46', '没啊！！！', 1, '', 21),
(39, 9, 1, 'Code墨', 'junfeng17@gmail.com', '', '182.112.205.21', '2012-08-12 11:46:17', '2012-08-12 03:46:17', '不是！！', 1, '', 22),
(40, 9, 1, 'Code墨', 'junfeng17@gmail.com', '', '182.112.205.21', '2012-08-12 11:46:48', '2012-08-12 03:46:48', '快了怎么了？？', 1, '', 26),
(41, 9, 1, 'Code墨', 'junfeng17@gmail.com', '', '182.112.205.21', '2012-08-12 11:47:21', '2012-08-12 03:47:21', '辛苦了！！', 1, '', 35),
(42, 9, 1, 'Code墨', 'junfeng17@gmail.com', '', '182.112.205.21', '2012-08-12 11:48:32', '2012-08-12 03:48:32', '不是说同一天的不抵消吗？', 1, '', 37),
(43, 9, 0, 'icuber', 'wang_pengfei@msn.com', '', '123.55.220.53', '2012-08-12 22:34:57', '2012-08-12 14:34:57', '接着干', 1, '', 0),
(44, 9, 0, 'icuber', 'wang_pengfei@msn.com', '', '123.55.220.53', '2012-08-12 22:35:14', '2012-08-12 14:35:14', '为什么没有快捷键', 1, '', 0),
(45, 9, 0, 'icuber', 'wang_pengfei@msn.com', '', '123.55.220.53', '2012-08-12 22:35:30', '2012-08-12 14:35:30', '快捷键方便些', 1, '', 0),
(46, 9, 0, 'icuber', 'wang_pengfei@msn.com', '', '123.55.220.53', '2012-08-12 22:35:47', '2012-08-12 14:35:47', '二十三', 1, '', 0),
(47, 9, 0, 'icuber', 'wang_pengfei@msn.com', '', '123.55.220.53', '2012-08-12 22:36:20', '2012-08-12 14:36:20', '二十四', 1, '', 0),
(48, 9, 0, 'icuber', 'wang_pengfei@msn.com', '', '123.55.220.53', '2012-08-12 22:36:38', '2012-08-12 14:36:38', '还有几条', 1, '', 0),
(49, 9, 0, 'icuber', 'wang_pengfei@msn.com', '', '123.55.220.53', '2012-08-12 22:36:58', '2012-08-12 14:36:58', '二十六', 1, '', 0),
(50, 9, 0, 'icuber', 'wang_pengfei@msn.com', '', '123.55.220.53', '2012-08-12 22:37:18', '2012-08-12 14:37:18', '二十七', 1, '', 0),
(51, 9, 0, 'icuber', 'wang_pengfei@msn.com', '', '123.55.220.53', '2012-08-12 22:37:33', '2012-08-12 14:37:33', '二十八', 1, '', 0),
(52, 9, 0, 'icuber', 'wang_pengfei@msn.com', '', '123.55.220.53', '2012-08-12 22:37:48', '2012-08-12 14:37:48', '二十九', 1, '', 0),
(53, 9, 0, 'icuber', 'wang_pengfei@msn.com', '', '123.55.220.53', '2012-08-12 22:38:05', '2012-08-12 14:38:05', '今天就这么多吧', 1, '', 0),
(54, 9, 1, 'Code墨', 'junfeng17@gmail.com', '', '182.112.205.21', '2012-08-12 22:39:13', '2012-08-12 14:39:13', '什么快捷键？？', 1, '', 45),
(55, 9, 1, 'Code墨', 'junfeng17@gmail.com', '', '182.112.205.21', '2012-08-12 22:40:04', '2012-08-12 14:40:04', '辛苦了！！！', 1, '', 54),
(56, 9, 0, '段', '10235968742@qq.com', '', '1.197.239.69', '2012-08-13 11:11:43', '2012-08-13 03:11:43', '来过', 1, '', 0),
(57, 9, 0, '段', '10235968742@qq.com', '', '1.197.239.69', '2012-08-13 11:11:58', '2012-08-13 03:11:58', 'ahahahah', 1, '', 0),
(58, 9, 0, '段', '10235968742@qq.com', '', '1.197.239.69', '2012-08-13 11:12:19', '2012-08-13 03:12:19', '帅啊，此空间', 1, '', 0),
(59, 9, 0, '段', '10235968742@qq.com', '', '1.197.239.69', '2012-08-13 11:13:00', '2012-08-13 03:13:00', '后弦的昆明湖', 1, '', 0),
(60, 9, 0, '段', '10235968742@qq.com', '', '1.197.239.69', '2012-08-13 11:13:20', '2012-08-13 03:13:20', '杰伦的黑色毛衣', 1, '', 0),
(61, 9, 0, '段', '10235968742@qq.com', '', '1.197.239.69', '2012-08-13 11:13:39', '2012-08-13 03:13:39', '斗地主啊！！', 1, '', 0),
(62, 9, 0, '段', '10235968742@qq.com', '', '1.197.239.69', '2012-08-13 11:14:00', '2012-08-13 03:14:00', '今天留这么多，以后慢慢留', 1, '', 0),
(63, 9, 2, 'LittleFish', '645860478@qq.com', '', '111.5.85.93', '2012-08-17 23:26:26', '2012-08-17 15:26:26', '界面又好看了，整洁了许多。', 1, '', 0),
(64, 9, 2, 'LittleFish', '645860478@qq.com', '', '111.5.85.93', '2012-08-17 23:29:42', '2012-08-17 15:29:42', '额，，，不能设置头像。。。', 1, '', 0),
(65, 9, 1, 'Code墨', 'junfeng17@gmail.com', '', '182.112.205.141', '2012-08-18 11:01:28', '2012-08-18 03:01:28', '对于色彩搭配，和排版，我也不是很了解。需要学习', 1, '', 64),
(66, 9, 1, 'Code墨', 'junfeng17@gmail.com', '', '182.112.205.141', '2012-08-18 11:01:53', '2012-08-18 03:01:53', '应该可以吧！到时我再看看', 1, '', 65),
(67, 9, 0, '珂子', 'keke377354552@qq.com', 'http://user.qzone.qq.com/377354552', '115.52.103.70', '2012-08-18 23:06:53', '2012-08-18 15:06:53', '啧啧，这就是传说中的你们互欠的留言么。哈哈。。办的不错啊，这个网站。。鼓掌！！！', 1, '', 0),
(68, 9, 0, '珂子', 'keke377354552@qq.com', 'http://user.qzone.qq.com/377354552', '115.52.103.70', '2012-08-18 23:08:01', '2012-08-18 15:08:01', '加油喽，真的不错哦', 1, '', 0),
(69, 9, 1, 'Code墨', 'junfeng17@gmail.com', '', '182.112.202.242', '2012-08-19 09:22:13', '2012-08-19 01:22:13', '会的！欢迎多多光临', 1, '', 69),
(70, 9, 1, 'Code墨', 'junfeng17@gmail.com', '', '182.112.202.242', '2012-08-19 09:23:00', '2012-08-19 01:23:00', '他们还没留完呢！', 1, '', 68),
(71, 9, 0, 'icuber', 'wang_pengfei@msn.com', '', '123.163.192.57', '2012-10-04 22:52:18', '2012-10-04 14:52:18', 'I Will Die But I Have Been To貌似和你博客没什么关系啊', 1, '', 0),
(72, 9, 1, 'Code墨', 'junfeng17@gmail.com', '', '123.138.79.26', '2012-10-05 23:25:53', '2012-10-05 15:25:53', '我的座右铭而已！！', 1, '', 72),
(73, 9, 0, 'Lily', '1500346744@qq.com', '', '113.57.76.175', '2012-10-06 20:04:33', '2012-10-06 12:04:33', '我有点恍惚的感觉', 1, '', 0),
(74, 9, 0, 'Lily', '1500346744@qq.com', '', '113.57.76.175', '2012-10-06 20:05:23', '2012-10-06 12:05:23', '这完全是你自己搞的页面？', 1, '', 0),
(75, 9, 0, 'dex', '0@sohu.com', '', '123.150.182.210', '2012-10-07 09:55:04', '2012-10-07 01:55:04', '你的网站我登不上，只好用手机查看。有一段时间没来转转了，刚才一看，发现最近更新的东西离我太遥远了……', 1, '', 0),
(76, 9, 1, 'Code墨', 'junfeng17@gmail.com', '', '61.150.43.96', '2012-10-09 00:05:03', '2012-10-08 16:05:03', '其实只是貌似很高深', 1, '', 76),
(77, 9, 0, '亦轲', 'a@a.cm', '', '218.24.179.207', '2012-11-07 23:29:05', '2012-11-07 15:29:05', '麻烦改一下连接，改昵称了。。嘿嘿', 1, '', 0),
(78, 9, 0, '亦轲', 'a@a.cm', '', '211.140.199.44', '2012-11-07 23:31:14', '2012-11-07 15:31:14', '发现你的代码可能有点小小的问题：刚才用谷歌浏览器试了三次留言都失败，只好用IE试试，好像现在显示了浏览器版本', 1, '', 0),
(79, 9, 1, 'Code墨', 'junfeng7@qq.com', '', '74.125.176.37', '2012-11-08 19:13:12', '2012-11-08 11:13:12', '好的！你的也要帮我改成C墨', 1, '', 78),
(80, 9, 1, 'Code墨', 'junfeng7@qq.com', '', '74.125.19.18', '2012-11-08 19:14:09', '2012-11-08 11:14:09', '被墙了。我登我的网站都要翻墙', 1, '', 79),
(81, 9, 0, 'xishui', 'blog@eyehere.net', 'http://eyehere.net', '61.177.60.12', '2012-12-20 09:18:16', '2012-12-20 01:18:16', '您的首选字体“Adobe 黑体 Std R”在webkit核心的浏览器下（chrome,safari)显得很奇怪，好像是墨水太多笔画都一滩一滩的了……\n而且submit也点不了，被其他div遮挡住了，我得删了这dom节点才能点击。。。', 1, '', 0),
(82, 9, 1, 'Code墨', 'junfeng7@qq.com', '', '123.138.79.26', '2012-12-20 14:05:44', '2012-12-20 06:05:44', '多谢提醒！现在好了', 1, '', 82),
(83, 9, 0, '亦轲', '0@sohu.com', '', '123.150.182.188', '2012-12-29 12:31:23', '2012-12-29 04:31:23', '生日快乐！', 1, '', 0),
(84, 9, 1, 'Code墨', 'junfeng7@qq.com', '', '123.138.79.26', '2012-12-29 13:10:14', '2012-12-29 05:10:14', 'Thanks！！', 1, '', 84),
(85, 9, 0, 'Dex', 'a@a.cn', '', '115.52.85.60', '2013-02-01 22:03:44', '2013-02-01 14:03:44', '留言试一下，略激动～ 额 乡吧佬了…', 1, '', 0),
(86, 9, 1, 'Code墨', 'junfeng7@qq.com', '', '182.112.196.252', '2013-02-02 10:47:13', '2013-02-02 02:47:13', '你要是开着代理的话,就会显示美国国旗', 1, '', 86),
(87, 9, 0, 'Dex', 'a@a.cn', '', '182.120.191.128', '2013-02-18 18:52:36', '2013-02-18 10:52:36', '我又用xp了！', 1, '', 0),
(88, 9, 1, 'Code墨', 'junfeng7@qq.com', '', '115.52.101.142', '2013-02-18 21:40:42', '2013-02-18 13:40:42', '咋又倒回去了?', 1, '', 88),
(89, 9, 0, 'icuber', 'wang_pengfei@msn.com', '', '222.89.59.79', '2013-02-18 22:36:07', '2013-02-18 14:36:07', '几场梅雨，几卷荷风，江南已是烟水迷离。小院里湿润的青苔在雨中纯净生长。这个季节，许多人都在打听关于莲荷的消息，以及茉莉在黄昏浮动的神秘幽香。不知多少人会记得有个女子，曾经走过人间四月天，又与莲开的夏季有过相濡以沫的约定。', 1, '', 0),
(90, 9, 0, 'icuber', 'wang_pengfei@msn.com', '', '222.89.59.79', '2013-02-18 22:36:51', '2013-02-18 14:36:51', '一个人，一本书，一杯茶，一帘梦。有时候，寂寞是这样叫人心动，也只有此刻，世事才会如此波澜不惊。凉风吹起书页，这烟雨让尘封在书卷里的词章和故事弥漫着潮湿的气息。独倚幽窗，看转角处的青石小巷，一柄久违的油纸伞，遮住了低过屋檐的光阴。', 1, '', 0),
(91, 9, 0, 'icuber', 'wang_pengfei@msn.com', '', '222.89.59.79', '2013-02-18 22:37:40', '2013-02-18 14:37:40', '时光微凉，那一场远去的往事被春水浸泡，秋风吹拂，早已洗去铅华，清绝明净。以为历经人生匆匆聚散，尝过尘世种种烟火，应该承担岁月带给我们的沧桑。可流年分明安然无恙，而山石草木是这样毫发无伤。只是曾经许过地老天荒的城，在细雨中越发地清瘦单薄。青梅煎好的茶水，还是当年的味道；而我们等候的人，不会再来。', 1, '', 0),
(92, 9, 0, 'icuber', 'wang_pengfei@msn.com', '', '222.89.59.79', '2013-02-18 22:38:20', '2013-02-18 14:38:20', '后来才知道，那一袭素色白衣的女子已化身为燕，去寻觅水乡旧巢。她走过的地方，有一树一树的花开，她呢喃的梁间，还留着余温犹存的梦。有人说，她是个冰洁的女子，所以无论人世如何变迁，她都有着美丽的容颜。有人说，她是个理智的女子，不管面临怎样的诱惑，最后都可以全身而退。', 1, '', 0),
(93, 9, 0, 'icuber', 'wang_pengfei@msn.com', '', '222.89.59.79', '2013-02-18 22:38:59', '2013-02-18 14:38:59', '林徽因，出生于杭州，是许多人梦中期待的白莲。她在雨雾之都伦敦，发生过一场空前绝后的康桥之恋。她爱过三个男子，爱得清醒，也爱得平静。徐志摩为她徜徉在康桥，深情地等待一场旧梦可以归来。梁思成与她携手走过千山万水，为完成使命而相约白头。金岳霖为她终身不娶，痴心不改地守候一世。可她懂得人生飘忽不定，要学会随遇而安。', 1, '', 0),
(94, 9, 0, 'Code墨', 'junfeng7@qq.com', 'http://jcodef.com', '115.52.101.142', '2013-02-18 23:14:29', '2013-02-18 15:14:29', '小清新…', 1, '', 0),
(95, 11, 0, 'Lily', '1500346744@qq.com', '', '113.57.76.175', '2012-10-06 20:09:05', '2012-10-06 12:09:05', '每次发表评论都要写一遍名字和邮箱吗？好麻烦呀', 1, '', 0),
(96, 6, 0, 'icuber', 'wang_pengfei@msn.com', '', '1.197.79.111', '2012-07-23 14:50:12', '2012-07-23 06:50:12', '最后那个英文和汉文交织的文章是怎么回事?', 1, '', 0),
(97, 6, 1, 'Code墨', 'junfeng17@gmail.com', '', '115.52.83.198', '2012-07-23 15:01:53', '2012-07-23 07:01:53', '你说那下面的一行英文？那不是文章的一部分！', 1, '', 98),
(98, 6, 0, 'space of cheapest Gucci Coral,more info', 'hzzrrj@gmail.com', 'http://lvgeyine.blog.com/', '177.42.164.102', '2012-07-28 07:57:21', '2012-07-27 23:57:21', 'Great write-up, I am regular visitor of oneˇs web site, maintain up the excellent operate, and It is going to be a regular visitor for a lengthy time.', 1, '', 0),
(99, 6, 1, 'Code墨', 'junfeng17@gmail.com', '', '182.112.206.169', '2012-08-01 09:56:23', '2012-08-01 01:56:23', 'What? Where are you from?', 1, '', 100),
(100, 7, 0, 'gaaradex', 'a@a.cn', '', '115.63.82.159', '2012-07-24 21:36:07', '2012-07-24 13:36:07', '微伤感……  不过你可以隔一段时间开通几天，就算是一次“长途旅行”吧！ 我就是这么玩的~', 1, '', 0),
(101, 7, 1, 'Code墨', 'junfeng17@gmail.com', '', '115.52.98.230', '2012-07-24 22:57:52', '2012-07-24 14:57:52', '关了QQ空间还真有点不适应！不过不会轻易再开的', 1, '', 102),
(102, 7, 0, 'icuber', 'wang_pengfei@msn.com', '', '123.55.208.233', '2012-07-24 23:01:20', '2012-07-24 15:01:20', '这有什么，dex那家伙两天一小关，三天一大关。', 1, '', 0),
(103, 7, 1, 'Code墨', 'junfeng17@gmail.com', '', '123.12.152.78', '2012-07-25 10:55:29', '2012-07-25 02:55:29', '他无聊了就会开！', 1, '', 104),
(104, 8, 0, 'littlefish', 'zhangjinglittlefish@gmail.com', '', '115.52.101.206', '2012-08-07 09:38:03', '2012-08-07 01:38:03', '多姿多彩的流水账。', 1, '', 0),
(105, 8, 1, 'Code墨', 'junfeng17@gmail.com', '', '182.112.194.185', '2012-08-07 10:03:56', '2012-08-07 02:03:56', '嘿嘿！！', 1, '', 106),
(106, 8, 0, 'gaaradex', 'a@a.cn', '', '182.112.207.142', '2012-08-07 20:48:34', '2012-08-07 12:48:34', '故人....', 1, '', 0),
(107, 8, 1, 'Code墨', 'junfeng17@gmail.com', '', '182.112.194.185', '2012-08-07 20:53:05', '2012-08-07 12:53:05', '怎么了？', 1, '', 108),
(108, 8, 0, 'icuber', 'wang_pengfei@msn.com', '', '222.89.58.114', '2012-08-10 12:36:53', '2012-08-10 04:36:53', 'littlefish是谁?', 1, '', 0),
(109, 8, 1, 'Code墨', 'junfeng17@gmail.com', '', '182.112.207.81', '2012-08-10 15:33:06', '2012-08-10 07:33:06', '你可以问一下她啊！', 1, '', 110),
(110, 12, 0, 'dex', 'a@a.cn', '', '115.52.98.155', '2012-08-23 22:24:20', '2012-08-23 14:24:20', '嗯，之前我都不知道腾讯说说也可以同步（占个沙发）', 1, '', 0),
(111, 13, 0, 'Lily', '1500346744@qq.com', '', '113.57.76.175', '2012-10-06 20:38:39', '2012-10-06 12:38:39', '比我写的总结文笔好多啦', 1, '', 0),
(112, 13, 0, 'Lily', '1500346744@qq.com', '', '113.57.76.175', '2012-10-06 20:41:39', '2012-10-06 12:41:39', '建议一下，这个网页的背景音乐可不可以循环播放呀，此音乐听过很多遍，就是很好听不会厌烦，每次点击播放有点麻烦，嘿嘿', 1, '', 0),
(113, 13, 1, 'Code墨', 'junfeng17@gmail.com', '', '61.150.43.96', '2012-10-08 23:52:34', '2012-10-08 15:52:34', '这只是推荐，循环播放会令人烦的！你喜欢听，可以下载到自己电脑上听', 1, '', 114),
(114, 13, 1, 'Code墨', 'junfeng17@gmail.com', '', '61.150.43.96', '2012-10-09 00:05:26', '2012-10-08 16:05:26', '一般般！！', 1, '', 113),
(115, 14, 0, '什么皮草好卖', 'pgzsjctmfwp@gmail.com', 'http://hmpcpj.com/', '109.169.61.126', '2012-09-02 15:21:17', '2012-09-02 07:21:17', '受教了', 1, '', 0),
(116, 14, 0, 'dex', 'a@a.cn', '', '218.24.179.196', '2012-09-04 10:12:32', '2012-09-04 02:12:32', '表示一遍看下来没看懂，等以后买了再来研读吧  呵呵~', 1, '', 0),
(117, 14, 1, 'Code墨', 'junfeng17@gmail.com', '', '61.150.43.99', '2012-09-04 20:29:13', '2012-09-04 12:29:13', '呵呵，就是一个装系统的工具', 1, '', 118),
(118, 15, 2, 'LittleFish', '645860478@qq.com', '', '123.15.57.246', '2012-09-10 00:01:24', '2012-09-09 16:01:24', '估计我计算机三级要和你一样悲剧了。', 1, '', 0),
(119, 15, 1, 'Code墨', 'junfeng17@gmail.com', '', '61.150.43.99', '2012-09-10 22:22:30', '2012-09-10 14:22:30', '你要考计算机三级？貌似很高级的样子！！', 1, '', 120),
(120, 16, 0, 'dex', 'a@sohu.com', '', '123.151.31.210', '2012-09-13 10:26:59', '2012-09-13 02:26:59', '哇唔～ 同感…', 1, '', 0),
(121, 16, 0, 'Lily', '1500346744@qq.com', '', '113.57.76.175', '2012-10-06 20:48:22', '2012-10-06 12:48:22', '这是主修课还是选修课呀？要是选修课，能学到真东西真好，我们选修课全是糊弄着玩的，特别气人', 1, '', 0),
(122, 16, 1, 'Code墨', 'junfeng17@gmail.com', '', '61.150.43.96', '2012-10-09 00:05:44', '2012-10-08 16:05:44', '选修课！！', 1, '', 123),
(123, 24, 1, 'Code墨', 'junfeng17@gmail.com', '', '123.138.79.26', '2012-10-05 23:30:13', '2012-10-05 15:30:13', '不能评论？', 1, '', 0),
(124, 26, 0, 'dex', 'dex@dex.dex', '', '218.24.179.207', '2012-10-25 10:01:52', '2012-10-25 02:01:52', '谢推荐！', 1, '', 0),
(125, 26, 1, 'Code墨', 'junfeng17@gmail.com', '', '61.150.43.96', '2012-10-27 00:21:51', '2012-10-26 16:21:51', '貌似最近goagent也不好用了', 1, '', 126),
(126, 29, 0, '铄日', 'ever4kevin@gmail.com', 'http://www.note1day.com', '218.28.216.158', '2012-11-05 21:40:17', '2012-11-05 13:40:17', '“想要学各种知识，但却快连必修课都无法搞定了。早已明白，自己已不如去年努力了。心变得有点浮躁了。”说到我心里去了，我现在是该怎么做还是怎么做，没救了。', 1, '', 0),
(127, 29, 1, 'Code墨', 'junfeng17@gmail.com', '', '74.125.19.31', '2012-11-06 13:27:43', '2012-11-06 05:27:43', '还是要踏实的学习基础知识的，这样才能向上学。但效果不是很好。\n你的博客人气挺高的啊。', 1, '', 128),
(128, 29, 1, 'Code墨', 'junfeng17@gmail.com', '', '74.125.176.21', '2012-11-06 13:29:01', '2012-11-06 05:29:01', '登自己的博客又是都要开着代理，额', 1, '', 0),
(129, 29, 1, 'Code墨', 'junfeng17@gmail.com', '', '61.150.43.96', '2012-11-06 13:29:56', '2012-11-06 05:29:56', '把goagent关了试试', 1, '', 0),
(130, 29, 0, 'myself', 'junfeng7@qq.com', 'http://jcodef.com', '61.150.43.96', '2012-11-06 23:01:02', '2012-11-06 15:01:02', 'login using gentoo!haha', 1, '', 0),
(131, 29, 0, 'myself', 'junfeng7@qq.com', 'http://jcodef.com', '61.150.43.96', '2012-11-06 23:02:11', '2012-11-06 15:02:11', 'ca shi bie bu liao', 1, '', 0),
(132, 30, 0, '亦轲', '0@sohu.com', '', '123.150.182.173', '2012-11-11 21:15:09', '2012-11-11 13:15:09', '赞一个！这篇可以分享到QQ了～我分享了哈', 1, '', 0),
(133, 30, 1, 'Code墨', 'junfeng7@qq.com', '', '74.125.176.43', '2012-11-11 22:16:12', '2012-11-11 14:16:12', '欢迎分享！分享了才有人气！', 1, '', 134),
(134, 30, 0, 'baidu883', 'hmhwjqqg@gmail.com', 'http://baidu882.com', '208.67.17.233', '2012-11-13 21:09:44', '2012-11-13 13:09:44', 'good iedae,l like', 1, '', 0),
(135, 31, 1, 'Code墨', 'junfeng7@qq.com', '', '74.125.176.40', '2012-11-16 18:02:03', '2012-11-16 10:02:03', '排版真蛋疼，空格还转意', 1, '', 0),
(136, 32, 0, 'myself', 'junfeng7@qq.com', 'http://jcodef.com', '61.150.43.96', '2012-11-18 00:19:23', '2012-11-17 16:19:23', 'virtualbox with debian', 1, '', 0),
(137, 33, 1, 'Code墨', 'junfeng7@qq.com', '', '61.150.43.96', '2012-11-18 13:07:09', '2012-11-18 05:07:09', '刚一进我网站，我还以为网站被攻破了呢！', 1, '', 0),
(138, 33, 2, 'LittleFish', '645860478@qq.com', '', '123.15.57.246', '2012-11-18 13:08:43', '2012-11-18 05:08:43', '。。。你是希望你网站被攻破？', 1, '', 139),
(139, 33, 1, 'Code墨', 'junfeng7@qq.com', '', '61.150.43.96', '2012-11-18 13:09:06', '2012-11-18 05:09:06', '到高中时才略懂交往的技巧', 1, '', 0),
(140, 33, 2, 'LittleFish', '645860478@qq.com', '', '123.15.57.246', '2012-11-18 13:11:23', '2012-11-18 05:11:23', '我改不成头像，我要改头像。。。', 1, '', 141),
(141, 33, 1, 'Code墨', 'junfeng7@qq.com', '', '61.150.43.96', '2012-11-18 13:39:45', '2012-11-18 05:39:45', '当然不希望了！！', 1, '', 140),
(142, 33, 1, 'Code墨', 'junfeng7@qq.com', '', '61.150.43.96', '2012-11-18 13:43:56', '2012-11-18 05:43:56', '头像不是在我这里改的，你去gravatar用你的邮箱绑定一个头像就行了', 1, '', 142),
(143, 33, 2, 'LittleFish', '645860478@qq.com', '', '123.15.57.246', '2012-11-18 14:00:00', '2012-11-18 06:00:00', '等我学会攻破教程了，先拿你的网站开刀试试！', 1, '', 143),
(144, 33, 1, 'Code墨', 'junfeng7@qq.com', '', '61.150.43.96', '2012-11-18 15:46:58', '2012-11-18 07:46:58', '攻破教程？你要做Cracker？', 1, '', 145),
(145, 33, 0, 'myself', 'junfeng7@qq.com', 'http://jcodef.com', '123.138.79.26', '2012-11-22 19:48:23', '2012-11-22 11:48:23', 'archlinux with virtualbox', 1, '', 0),
(146, 38, 1, 'Code墨', 'junfeng7@qq.com', '', '123.138.79.26', '2012-12-09 16:20:35', '2012-12-09 08:20:35', '我看看！！！', 1, '', 0),
(147, 49, 0, 'icuber', 'wang_pengfei@msn.com', '', '111.7.14.21', '2013-03-24 16:40:36', '2013-03-24 08:40:36', '什么情况？', 1, 'Mozilla/5.0 (compatible; MSIE 10.0; Windows NT 6.1; WOW64; Trident/6.0)', 0),
(148, 49, 1, 'algu', 'junfeng17@gmail.com', '', '123.138.79.26', '2013-03-28 21:55:15', '2013-03-28 13:55:15', '没什么', 1, 'Mozilla/5.0 (X11; Linux x86_64) AppleWebKit/537.22 (KHTML, like Gecko) Chrome/25.0.1364.160 Safari/537.22', 147),
(151, 63, 0, 'algu', 'junfeng7@qq.com', 'http://algu.me', '::1', '2013-08-07 22:44:29', '2013-08-07 22:44:29', 'Hello,comment', 1, 'Mozilla/5.0 (X11; Linux x86_64) AppleWebKit/537.36 (KHTML, like Gecko) Chrome/28.0.1500.71 Safari/537.36', 0),
(152, 63, 0, 'afsg', 'sdgdsb', '', '::1', '2013-08-07 22:58:25', '2013-08-07 22:58:25', '再试', 1, 'Mozilla/5.0 (X11; Linux x86_64) AppleWebKit/537.36 (KHTML, like Gecko) Chrome/28.0.1500.71 Safari/537.36', 0),
(153, 49, 0, 'O1.4', 'junfeng7@qq.com', 'http://algu.me', '::1', '2013-08-07 23:09:04', '2013-08-07 23:09:04', '什么没什么啊．那么明显', 1, 'Mozilla/5.0 (X11; Linux x86_64) AppleWebKit/537.36 (KHTML, like Gecko) Chrome/28.0.1500.71 Safari/537.36', 148),
(154, 9, 0, 'test', 'test@algu.me', 'http:127.0.0.1', '::1', '2013-08-26 13:37:16', '2013-08-26 13:37:16', 'test', 1, 'Mozilla/5.0 (X11; Linux x86_64) AppleWebKit/537.36 (KHTML, like Gecko) Chrome/28.0.1500.71 Safari/537.36', 0);

-- --------------------------------------------------------

--
-- 表的结构 `htmls`
--

CREATE TABLE IF NOT EXISTS `htmls` (
  `id` int(11) NOT NULL AUTO_INCREMENT,
  `content` varchar(1000) NOT NULL,
  `status` tinyint(1) NOT NULL,
  PRIMARY KEY (`id`)
) ENGINE=InnoDB  DEFAULT CHARSET=utf8 AUTO_INCREMENT=8 ;

--
-- 转存表中的数据 `htmls`
--

INSERT INTO `htmls` (`id`, `content`, `status`) VALUES
(5, '<iframe src="http://rcm-cn.amazon-adsystem.com/e/cm?lt1=_blank&bc1=000000&IS2=1&bg1=FFFFFF&fc1=000000&lc1=0000FF&t=junfeng-23&o=28&p=8&l=as4&m=amazon&f=ifr&ref=ss_til&asins=B006FBW61Y" style="width:120px;height:240px;" scrolling="no" marginwidth="0" marginheight="0" frameborder="0"></iframe>', 1),
(6, '<iframe src="http://rcm-cn.amazon-adsystem.com/e/cm?lt1=_blank&bc1=000000&IS2=1&bg1=FFFFFF&fc1=000000&lc1=0000FF&t=junfeng-23&o=28&p=8&l=as4&m=amazon&f=ifr&ref=ss_til&asins=B003U9PNM8" style="width:120px;height:240px;" scrolling="no" marginwidth="0" marginheight="0" frameborder="0"></iframe>', 1),
(7, '<script type="text/javascript" >\r\n<!--\r\ndd_ad_output="html";\r\ndd_ad_width=180;\r\ndd_ad_height=282;\r\ndd_ad_client="P-317991";\r\ndd_ad_format=20;\r\ndd_ad_id=0;\r\ndd_product_id=20626819;\r\ndd_img_size=150;\r\ndd_display_style=0;\r\ndd_text_url="";\r\ndd_color_text="";\r\ndd_color_bg="";\r\ndd_open_target="_blank";\r\ndd_border=0;\r\ndd_color_link="";\r\ndd_ad_text="";\r\n//--></script>\r\n<script type="text/javascript" src="http://union.dangdang.com/union/script/dd_ads.js" ></script>', 1);

-- --------------------------------------------------------

--
-- 表的结构 `moods`
--

CREATE TABLE IF NOT EXISTS `moods` (
  `mood_id` int(11) NOT NULL AUTO_INCREMENT,
  `author_id` int(11) NOT NULL,
  `content` text NOT NULL,
  `published` datetime NOT NULL,
  `visibility` tinyint(1) NOT NULL,
  PRIMARY KEY (`mood_id`),
  KEY `published` (`published`)
) ENGINE=InnoDB DEFAULT CHARSET=utf8 AUTO_INCREMENT=1 ;

-- --------------------------------------------------------

--
-- 表的结构 `posts`
--

CREATE TABLE IF NOT EXISTS `posts` (
  `post_id` int(11) NOT NULL AUTO_INCREMENT,
  `author_id` int(11) NOT NULL,
  `category_id` int(11) NOT NULL,
  `title` varchar(512) NOT NULL,
  `content` mediumtext NOT NULL,
  `publish_date` datetime NOT NULL,
  `publish_gmt` datetime NOT NULL,
  `update_date` datetime NOT NULL,
  `update_gmt` datetime NOT NULL,
  `post_status` int(11) NOT NULL,
  `comment_status` tinyint(1) NOT NULL,
  `visibility` int(11) NOT NULL,
  `comment_count` int(11) NOT NULL,
  `post_password` varchar(100) DEFAULT NULL,
  `view_count` int(11) NOT NULL,
  PRIMARY KEY (`post_id`),
  KEY `publish_date` (`publish_date`)
) ENGINE=InnoDB  DEFAULT CHARSET=utf8 AUTO_INCREMENT=67 ;

--
-- 转存表中的数据 `posts`
--

INSERT INTO `posts` (`post_id`, `author_id`, `category_id`, `title`, `content`, `publish_date`, `publish_gmt`, `update_date`, `update_gmt`, `post_status`, `comment_status`, `visibility`, `comment_count`, `post_password`, `view_count`) VALUES
(1, 1, 4, 'Hello，World', '<p style="text-align: center;">       爱科学，爱文学，爱艺术，爱编程；</p>\n<p style="text-align: center;">码农的世界你们永远不懂；</p>\n<p style="text-align: center;"><a href="http://www.jcodef.com/wp-content/uploads/2012/07/image.jpg"><img class="alignnone size-full wp-image-20" title="image" src="http://www.jcodef.com/wp-content/uploads/2012/07/image.jpg" alt="" width="180" height="140" /></a></p>\n<p style="text-align: center;"><span style="color: #00ccff;">（图片来自果壳）</span></p>', '2012-07-07 16:58:32', '2012-07-07 08:58:32', '2012-07-07 16:58:32', '2012-07-07 08:58:32', 1, 1, 1, 3, '', 0),
(2, 1, 6, 'HTML新手之旅之表格', '做了一个很简单的课程表表格。\n\nhtml代码如下：\n\n&lt;html&gt;\n&lt;body&gt;\n&lt;p&gt;课堂练习:&lt;/p&gt;\n&lt;table align="center" border="3px" width="500px" height="250px" bordercolor="#35a2f3"&gt;\n&lt;caption&gt;课程表 &lt;/caption&gt;\n&lt;tr&gt;\n\n&lt;td&gt;项目&lt;/td&gt;\n&lt;td colspan="5"&gt;上课&lt;/td&gt;\n&lt;td colspan="2"&gt;休息&lt;/td&gt;\n&lt;/tr&gt;\n&lt;tr&gt;\n&lt;td&gt;星期&lt;/td&gt;\n&lt;td&gt;星期一&lt;/td&gt;\n&lt;td&gt;星期二&lt;/td&gt;\n&lt;td&gt;星期三&lt;/td&gt;\n&lt;td&gt;星期四&lt;/td&gt;\n&lt;td&gt;星期五&lt;/td&gt;\n&lt;td&gt;星期六&lt;/td&gt;\n&lt;td&gt;星期日&lt;/td&gt;\n&lt;/tr&gt;\n&lt;tr&gt;\n&lt;td rowspan="4"&gt;上午&lt;/td&gt;\n&lt;td&gt;语文&lt;/td&gt;\n&lt;td&gt;数学&lt;/td&gt;\n&lt;td&gt;英语&lt;/td&gt;\n&lt;td&gt;英语&lt;/td&gt;\n&lt;td&gt;物理&lt;/td&gt;\n&lt;td&gt;计算机&lt;/td&gt;\n&lt;td rowspan="4"&gt;休息&lt;/td&gt;\n&lt;/tr&gt;\n&lt;tr&gt;\n&lt;td&gt;数学&lt;/td&gt;\n&lt;td&gt;数学&lt;/td&gt;\n&lt;td&gt;地理&lt;/td&gt;\n&lt;td&gt;历史&lt;/td&gt;\n&lt;td&gt;化学&lt;/td&gt;\n&lt;td&gt;计算机&lt;/td&gt;\n&lt;/tr&gt;\n&lt;tr&gt;\n&lt;td&gt;化学&lt;/td&gt;\n&lt;td&gt;语文&lt;/td&gt;\n&lt;td&gt;体育&lt;/td&gt;\n&lt;td&gt;计算机&lt;/td&gt;\n&lt;td&gt;英语&lt;/td&gt;\n&lt;td&gt;计算机&lt;/td&gt;\n&lt;/tr&gt;\n&lt;tr&gt;\n&lt;td&gt;政治&lt;/td&gt;\n&lt;td&gt;英语&lt;/td&gt;\n&lt;td&gt;体育&lt;/td&gt;\n&lt;td&gt;历史&lt;/td&gt;\n&lt;td&gt;地理&lt;/td&gt;\n&lt;td&gt;计算机&lt;/td&gt;\n&lt;/tr&gt;\n&lt;tr&gt;&lt;/tr&gt;\n&lt;tr&gt;&lt;/tr&gt;\n&lt;tr&gt;&lt;/tr&gt;\n&lt;tr&gt;\n&lt;td rowspan="2"&gt;下午&lt;/td&gt;\n&lt;td&gt;语文&lt;/td&gt;\n&lt;td&gt;数学&lt;/td&gt;\n&lt;td&gt;英语&lt;/td&gt;\n&lt;td&gt;英语&lt;/td&gt;\n&lt;td&gt;物理&lt;/td&gt;\n&lt;td&gt;计算机&lt;/td&gt;\n&lt;td rowspan="2"&gt;休息&lt;/td&gt;\n&lt;/tr&gt;\n&lt;tr&gt;\n&lt;td&gt;数学&lt;/td&gt;\n&lt;td&gt;数学&lt;/td&gt;\n&lt;td&gt;地理&lt;/td&gt;\n&lt;td&gt;历史&lt;/td&gt;\n&lt;td&gt;化学&lt;/td&gt;\n&lt;td&gt;计算机&lt;/td&gt;\n&lt;/tr&gt;\n&lt;/table&gt;\n&lt;/body&gt;\n&lt;/html&gt;\n\n效果如图：\n<table width="500px" border="3px" align="center"><caption>课程表</caption>\n<tbody>\n<tr>\n<td>项目</td>\n<td colspan="5">上课</td>\n<td colspan="2">休息</td>\n</tr>\n<tr>\n<td>星期</td>\n<td>星期一</td>\n<td>星期二</td>\n<td>星期三</td>\n<td>星期四</td>\n<td>星期五</td>\n<td>星期六</td>\n<td>星期日</td>\n</tr>\n<tr>\n<td rowspan="4">上午</td>\n<td>语文</td>\n<td>数学</td>\n<td>英语</td>\n<td>英语</td>\n<td>物理</td>\n<td>计算机</td>\n<td rowspan="4">休息</td>\n</tr>\n<tr>\n<td>数学</td>\n<td>数学</td>\n<td>地理</td>\n<td>历史</td>\n<td>化学</td>\n<td>计算机</td>\n</tr>\n<tr>\n<td>化学</td>\n<td>语文</td>\n<td>体育</td>\n<td>计算机</td>\n<td>英语</td>\n<td>计算机</td>\n</tr>\n<tr>\n<td>政治</td>\n<td>英语</td>\n<td>体育</td>\n<td>历史</td>\n<td>地理</td>\n<td>计算机</td>\n</tr>\n<tr>\n<td rowspan="2">下午</td>\n<td>语文</td>\n<td>数学</td>\n<td>英语</td>\n<td>英语</td>\n<td>物理</td>\n<td>计算机</td>\n<td rowspan="2">休息</td>\n</tr>\n<tr>\n<td>数学</td>\n<td>数学</td>\n<td>地理</td>\n<td>历史</td>\n<td>化学</td>\n<td>计算机</td>\n</tr>\n</tbody>\n</table>\n&nbsp;', '2012-07-08 18:44:31', '2012-07-08 10:44:31', '2012-07-08 18:44:31', '2012-07-08 10:44:31', 1, 1, 1, 0, '', 0),
(3, 1, 2, '九牧王与九牧士', '走在街上，无意间看到九牧王的一家店，上面挂着一条横幅，说来也巧，这条幅上“九牧王”中的“王”字少了上面的一横，变成了“九牧士”。感觉“九牧士”这个名字更好一点，“九牧王”虽霸气，但“九牧士”更有韵味一点。\n\n而在生活中，我们一味的追寻着成为王，想方设法的往上爬，想要成为指挥他人的领导，可又有多少人能成功呢？很多人没成为了王，却把本身的“士”的气质给丢了！！悲乎？！', '2012-07-09 11:23:07', '2012-07-09 03:23:07', '2012-07-09 11:23:07', '2012-07-09 03:23:07', 1, 1, 1, 6, '', 0),
(4, 1, 4, '《钢之炼金术师》小评', '与这部动漫相遇首先得感谢舍友，他向我推荐这部动漫。\n\n《钢炼》无疑是一部好的作品，不靠画面，不靠后宫元素，仅仅主打剧情，就能让你深陷其中。虽连载了64集，但跟着剧情走，也不会感觉亢长。真的很佩服荒川弘的想象力，虚构出了“贤者之石”这种东西，其材料竟然是活人，而她又将其取名为“贤者之石”，真的不能不说是一种讽刺。那个世界是炼金术盛行的世界。炼金术师都要遵循的的基本法则是等价交换原则。但贤者之石却可以打破这个法则，同时贤者之石又可以使人长生不老（以人的生命能源为材料的贤者之石有此功效也合情合理）。\n\n主人公是爱德华，和阿尔两兄弟，他们都是炼金术师。为了见到他们已死去的母亲，而年少无知的触犯了禁忌，进行人体炼成，为此爱德华失去了一只脚，而阿尔则失去身体，灵魂只能固定在空空的铠甲上。因此他们踏上了寻找让自己身体恢复的“贤者之石”的旅程。在旅途中，爱德华加入了军队，成为国家炼金术师，名为“钢之炼金术师”。但国家炼金术师因为在伊修巴尔歼灭战中被军队作为人形兵器大肆屠杀伊修巴尔人，名声不那么好。在旅途过程中，他们遇到了一系列事情，有伊修巴尔武僧专门针对国家炼金术师的杀戮，也有一个终极阴谋围绕着他们。当一个个善良的人无辜而死后，他们发誓，再也不会让任何一个人在他们面前死去，爱德华两兄弟决定再也不会逃避，就是拼了自己的命，也要保护身边的人。而当他们知道贤者之石是由活人炼出来的的时候，他们也发誓不用贤者之石来恢复自己的身体。\n\n最后在与烧瓶中的小人决斗时，阿尔为了救危难中的哥哥爱德。用自己的灵魂交换了留在真理那边的哥哥的胳膊。而作为代价，他则永远留在真理之门的那边。当爱德打败人造人时，他又为救阿尔，以自己的真理之门和真理做交换，救回了阿尔，但自己却无法再使用炼金术。因为爱德华明白不论什么贤者之石啊，炼金术啊都比不上有亲人，朋友在身边好。\n\n爱德华和阿尔两兄弟无疑是目标明确的。他们为了身体能恢复，一直在努力寻找。而他们那种不牺牲任何人包括是敌人的人生观，却是令人敬佩，和以人造人父亲为首的人造人们肆意杀戮无辜人的行为形成了鲜明的对比。人造人只把人当做贤者之石的才料的观点确实令我难以接受。但在他们看来可能我们人可能就是他们的食物，这和我们以其他植物和动物为食的观点是一样的！但我们有自己的思想意识，有自己灿烂的的文化，有温暖的感情，这些好像也是以人为标准来考虑的。当然以人为本的思想绝对要坚持，谁叫我是人呢！只是期盼我们能善待其他种族，貌似矫情了。跑题了~\n\n<span style="color: #ff9900;">欣赏一下主题曲吧</span>\n\n<object width="480" height="400" classid="clsid:d27cdb6e-ae6d-11cf-96b8-444553540000" codebase="http://download.macromedia.com/pub/shockwave/cabs/flash/swflash.cab#version=6,0,40,0"><param name="src" value="http://www.tudou.com/v/-KUp0duwI88/&amp;resourceId=0_05_05_99&amp;bid=05/v.swf" /><param name="allowscriptaccess" value="always" /><param name="allowfullscreen" value="true" /><param name="wmode" value="opaque" /><embed width="480" height="400" type="application/x-shockwave-flash" src="http://www.tudou.com/v/-KUp0duwI88/&amp;resourceId=0_05_05_99&amp;bid=05/v.swf" allowscriptaccess="always" allowfullscreen="true" wmode="opaque" /></object>', '2012-07-15 22:03:36', '2012-07-15 14:03:36', '2012-07-15 22:03:36', '2012-07-15 14:03:36', 1, 1, 1, 6, '', 0),
(5, 1, 4, '无"家"可归的窘迫', '年前回家，自己的屋子被弟弟占了，电脑也成了他私有的了！前几天回来，看着他像房间的主人一样安然的立在我住过的房间里，而我就像一个客人一样。突然间发现我成了无家可归的人了！虽然说这样的话，好像有点不知好歹。我每天待的地方叫什么!?我在这个家里天天什么事不做，整天就玩玩电脑，看看电视，实在是惬意的很！这一切不都是这个家提供个你的吗？\n\n你怎么能说无家可归了呢？\n\n是的，我也喜欢这个家，老妈也把这个家整理的很干净。她把这里真的当成了家来维护。当然对她来说这里的确是她的家。但这里不是我的家。我在这个家里是作为儿子的角色的！老妈总是说我不干一点家务，她说要是她不帮我兄弟俩打扫房间，我们的房间两天地上就能蒙上一层灰！她说：“你就不能把你房间打扫打扫吗？”而每次我也没打扫，我也在想，为什么我不愿打扫？应该是我感觉这里不是我的家吧,老家才是我的家，但现在我也回不去了，老家已没人住，回不去了！现在这个家也慢慢地变得陌生，但我和弟弟吵架时，他已能理直气壮地说这是他的家！是啊！我已不属于这个家，我终究是要走的！但他还要在这个家呆很长时间！当然把它当成家了！我们一年也就呆在家里三、四个月，这里当然也对我们生疏了，同时我们也期望着建立属于自己的家，无奈在求学路上，无经济实力建立属于自己的家！故而我发现竟然无“家”可归了！\n\n我们真的来到了这样一个年龄，我们正在慢慢的被时间拽离我们所心爱的家，在这个家里生活，我们不用担心生计，即使什么事都不做，父母顶多说说我们，也无碍大事！可是我们不得不承认我们真的已经是成年人了，面对成年人我们也叫起大哥大姐了，而我们被叫做叔叔阿姨的次数也越来越多，从第一次被这样叫的惶恐，但最后的理所当然。我们应经到了该承担责任的年龄，虽然割舍注定会痛苦，但新的创造也在吸引着我们。让我们走出一直庇护我们的家，去创造属于我们自己的家吧！\n<p style="text-align: center;"><strong>Ladies and Gentlemen ，Go！</strong></p>', '2012-07-17 22:32:18', '2012-07-17 14:32:18', '2012-07-17 22:32:18', '2012-07-17 14:32:18', 1, 1, 1, 1, '', 0),
(6, 1, 6, '浅解电脑掉线', '近日，研究起TCP/IP协议来了，话说那本《TCP/IP协议•卷一》真乃神书也，看的我是晕头雾里的！不过在我看那本书的时候，突然想起一个现象：我们都遇到过电脑不知怎么的突然掉线了的情况！这是为什么呢？看这本书的时候，大脑被刺激的突然想到一个可以解释的说法。\n\n以前刚接触电脑的时候，家里用的是拨号上网（那本书上叫SLIP），\n开机时总要等一些时间才能连上网络。当时，不想等，遂请问高手，懂得手动设置一个IP地址，就能取消开机是要等的那段时间。果然这样上网速度快了很多。过不久，又经人提醒，明白手动设置IP地址的话，很容易被黑客攻击。这就相当于把你电脑在网络上的地址给公布了出去，如果网络遵循黑暗森林法则的话，这样不知死了多少次了！所幸，网络不处于黑暗森林状态，对于普通用户，黑客也不屑于去攻击。所以手动设置本机IP的人可以放心一些。\n\n那这件事又和网络掉线有什么关系呢？\n\n首先，A用户手动设置自己的本机IP后，假如是125.252.12.7，那么这个IP地址就变的特殊了。因为当A上线时，他的电脑一定会用这个IP地址的！。而当A下线后，这个IP是否还为A独有呢？当然不，网络运营商不可能这样浪费IP的，这样的话，这个IP就会被其他用户获取，作为他们电脑的地址。而掉线的发生，就是假如B的电脑在A不在线的情况下，获取了125.252.12.7这个IP，而当B玩地下城正玩得高兴的时候，这时A上线了，因为A把这个IP地址作为了他电脑的唯一地址，自然这个IP也就被A抢走了。而B的电脑就要重新获取新的IP，这样就造成B的电脑掉线了。\n\n假如在一个网段上有很多人，都手动设置了IP地址的话。那么自由的IP地址就会很少，因为IP地址始终是有限的。这样的话，掉线的情况就会经常发生在这个网络上。', '2012-07-21 21:31:34', '2012-07-21 13:31:34', '2012-07-21 21:31:34', '2012-07-21 13:31:34', 1, 1, 1, 4, '', 0),
(7, 1, 4, '我为什么关了QQ空间？', 'QQ空间是腾讯2006年开发出的具有博客功能的个性空间。我用QQ空间也三年了。按说我不应该关了QQ空间，放在那即使不更新内容也没什么影响，但本人认为既然不用了，放在那里碍眼，遂关闭了QQ空间。\n\n再说我为什么不用QQ空间？\n\nQQ空间的确很好，但它给用户的权限太低。我想自定义一下背景音乐，就要掏钱；我想自己定义一下空间的界面，也要掏钱；而我想自己编辑一下空间的的代码，但却没有权限。有时候什么东西都给你做好了，反而感觉不爽。即使QQ空间里的那些漂亮的主题免费给我用，我还是会离开QQ空间的！因为我相信，如果用着自己设计的主题，即使它不那么漂亮，但这种感觉是用现成的主题永远比不了的！我现在虽然设计不了完整的主题，但前几天我改了一下自己网站的代码，让它的排版感觉更漂亮一点，我就高兴地不得了！\n\n再说在内容上，大多是好友心情的发表，原创的blog文章少之又少！一篇文章能被多个好友转发，有次看到一篇文章出现了7、8次，我都崩溃了！我认为现在我们使用的QQ空间的功能，微博完全可以胜任。\n\n还有一点我忍受了很久。QQ空间的黄钻服务。现实中大家都爱特权阶级，特权阶级也无可避免。但腾讯抓住了中国人的这点心理。在网络上也搞这些特权服务，网络的精神应该是分享和平等。虽然我建这个网站一年也要花个100多元，但这个网站全权属于我，这种感觉很好。我可以每年花费相同的钱去开通QQ空间的黄钻服务，这样也不用自己去考虑网站的维护，只要点点鼠标就能享受和别人不一样的待遇。但我却无福消受这种待遇。我享受着自己创造一切的快乐！\n\n我现在已经处于大学阶段，需要更广的阔世界。QQ空间已不适合我，它应该属于面向中学生的一项web应用，仅仅在好友圈子里面玩，故挥泪离别QQ空间，虽然我无法再查看好友们的近况。再说即使我天天看QQ空间十遍，我和朋友们也已处于不同的世界了。他们说的人名、地名我都已不再熟悉。我们走上了不同的道路，一遍一遍的看好友们的状态，也仅仅是幻想自己还在他们的世界里的自欺欺人而已。我们都有自己的路要走，不必缅怀，不必伤感，相信终有一天会再相遇。还会是好朋友的。\n\n因此我告别QQ空间，告别我们青涩的过去。开始自己的独立blog之旅。我相信，我将收获良多。\n\n&nbsp;\n\n<object width="257" height="33" classid="clsid:d27cdb6e-ae6d-11cf-96b8-444553540000" codebase="http://download.macromedia.com/pub/shockwave/cabs/flash/swflash.cab#version=6,0,40,0"><param name="src" value="http://www.xiami.com/widget/0_1770127756/singlePlayer.swf" /><param name="wmode" value="transparent" /><embed width="257" height="33" type="application/x-shockwave-flash" src="http://www.xiami.com/widget/0_1770127756/singlePlayer.swf" wmode="transparent" /></object>', '2012-07-23 16:28:59', '2012-07-23 08:28:59', '2012-07-23 16:28:59', '2012-07-23 08:28:59', 1, 1, 1, 4, '', 0),
(8, 1, 4, '驾校怪谈', '<p style="text-align: center;"><strong>前奏</strong></p>\n<p style="text-align: left;">要不是我昨天打电话问了一下，就会错过今天传说中的驾考第一试，虽然电话服务员态度不好，不过总算告诉我让今天早上六点半之前到驾校集合，我等了20多天终于有了进展（回来的时候，听见一哥们说等了1个多月才排到这次考试，我顿时感觉我太幸运了）。她当记一大功！可哪位神人让我们这么早就去集合啊！人家公务员八点才上班啊！</p>\n<p style="text-align: center;"><strong>起床</strong></p>\n<p style="text-align: left;">为了我能够在六点半之前起床，特意设了六点的闹铃！可我今天才发现我的手机竟然快了一个小时，闹铃当然没听到了！幸亏老妈准时在六点叫醒了我！困得要了我的命了。到了驾校发现已经来了这么多人！赶巧，我刚到，教练就叫我们考科目一的集合了，当时一阵高兴！但还是有点迷糊、犯困。</p>\n<p style="text-align: center;"><strong>讲话</strong></p>\n<p style="text-align: left;">传说中的车前讲话开始了！我面对着很有经验的教练听着他说什么小五项，“总共有九项，货车五项，小车三项”。听到这句话，我顿时不困了！一会儿，久违的校长来了，校长就是校长，气场十足！把我们前三排全给镇蹲下了（这不是军训啊~）！她把教练的话进行了不简练的概括！同时又加上了一句：“由于国家财政困难，考场的电脑系统比较落后，无法显示动画！你们只能靠运气猜了。”啊,校长，亲，我们这不是考六级啊!再说这和我们国家财政有一毛钱的关系啊！因为对这句话联想的比较多，我竟然精神多了！校长就是xiaozhang！我们买了坑人的学员卡，被拐进了驾校官方黑车，终于来到了考点！</p>\n<p style="text-align: center;"><strong>故人</strong></p>\n<p style="text-align: left;">下车后，我经历了今天最有价值的事情！两年不见，她变漂亮了！刚开始她一定没认出我来。我们如今更是两个世界的人了！我从来都不想在乎外表，但我知道我还是在乎自己的外表的，但我想看看自己能忍受的最低限度，故而把头发剪成了3mm，确实挺难看！她应该也发现了我。但我们却都很有默契的没有打招呼，都已在对方的人海里。虽说男人应该大气一点。但我很害怕，不知道，如果突然向你打招呼，会不会让你不高兴。更不敢想象如果她不认识我的话.......而且她有朋友陪伴！我就是一个人。有时候老天就是如此作弄人。让一个不喜欢寂寞的人，终生与寂寞为舞！我想下次如果还有机会遇见的话，她身边应该不止女生陪伴了吧？！这些已和我无关，但我心里必须要面对，可笑我当初是如此不成熟。更神奇的是我竟然碰到了另外的熟人。真是缘分啊！上天还真是“眷顾”我啊</p>\n<p style="text-align: center;"><strong>等待</strong></p>\n<p style="text-align: left;">在候考室，我坐了一个小时后，不行了，饿的我肚子疼！果断下去买了一包法式小面包。我一天吃了一袋小面包，喝瓶农夫山泉。就这么过去了！我不饿了但过了一个小时后，让我等的有肚子疼了！不敢上厕所啊！害怕在去厕所的这段时间，叫到了我的名字，那我不是倒霉透了！这样想，去个厕所，都要犹豫半天！更可气的是，我的手机竟然在11点的时候罢工了！这就像上帝把鲁滨逊扔到了那个岛，但却忘记了把枪给他了！那种无聊的感觉岂能用人类的文字来表达！我只能瞪天（貌似看不到天，只能看到天花板）看地。到了12点的时候，我无聊的只能思考人生了。同时校长做了一个“英明”的决定。女士优先，她让女生全部先考完之后，我们这些剩下的男生才能考。的确很对，等到所有的女生走完之后，才轮到我们这些男生！可是我却郁闷了，我等的连思考人生的兴趣都没有了，想欣赏一下漂亮一点的美女，陶冶一下情操。可是悲催的才发现女生都走完了！只剩下，校长，和那个服务员是女的。一屋子全是大老爷们，校长乃是大姨级别的，那个服务员，长的不是我欣赏的类型！悲乎，无聊乎？</p>\n<p style="text-align: center;"><strong>世故</strong></p>\n<p style="text-align: left;">等到两点的时候终于念到了我的名字，该我考试了，但老天今天精神特别好，和我开起了玩笑！两点半的时候，按照估计本来就该我考试了！却来了一群社会大考的人，何为社会大考呢？就是违章到一定程度重考科目一交通理论知识的！参加社会大考的人都是些社会上的人，他们懒散惯了，哪像我们学生这么听话，让你几点到，肯定只早不晚。但他们却很悠闲，到了三点，还有三三两两踱步而来。起初有位很彪悍的哥们不满，像校长问起话来了，当然他被无情镇压了！校长说：“你们先出去休息一下，过了40分钟后再回来考试。”她又对那位服务生说：“参加社会大考的人准考证只收到2点半!之后来的六点以后再考试!”想法确实很好！可是三点以后，交通局长的儿子的朋友来了，三点半以后，局长的朋友来了！四点的时候，考官的儿子来了。无奈，我们的校长只能亲自迎到考场。就这样，本来该是40分钟结束的社会大考，一直持续到4点半！</p>\n<p style="text-align: center;"><strong>10小时和20分钟</strong></p>\n<p style="text-align: left;">我等啊，等啊，到最后连等的力气都没有了！终于，佛祖休息去了，轮到我考试了。我走进考场，遇到了几个教材上没有的题，全蒙错了，顿时有点慌了我。不过佛祖真的睡着了！我以微弱优势过了驾考科目一。我等了十个小时，仅用了不到20分钟考试，呵呵。经过这次经历真心明白，组织考试是个技术活，不是什么急购都能弄好的！还是学校组织考试靠谱。</p>\n<p style="text-align: left;">真是多姿多彩的一天啊！</p>', '2012-08-06 22:37:46', '2012-08-06 14:37:46', '2012-08-06 22:37:46', '2012-08-06 14:37:46', 1, 1, 1, 6, '', 0),
(9, 1, 7, '留言板', '<p style="text-align: center;">有事儿没事儿，欢迎留言</p>', '2012-08-11 19:57:00', '2012-08-11 11:57:00', '2013-03-23 11:57:45', '2013-03-23 03:57:45', 1, 1, 1, 79, '', 0),
(10, 1, 5, '校园风光', '一学期下来，也拍了不少照片，特选几张来和大家分享！\n\n<img class="alignnone" title="世园会吉祥物" src="http://i.6.cn/cvbnm/75/b2/e3/227509d8bf24efefee730c38ed3faa7e.jpg" alt="" width="600" height="450" />\n<p style="text-align: center;"><span style="text-align: center; color: #ff9900;">萌到自然呆的世园会吉祥物</span></p>\n<img class="alignnone" title="红花" src="http://i.6.cn/cvbnm/c3/f2/30/a5c6310c4cb277277e4a2a3e18618117.jpg" alt="" width="600" height="450" />\n<p style="text-align: center;"><span style="color: #ff9900;">拍的不好，多亏美景帮衬</span></p>\n<img class="alignnone" title="白花" src="http://i.6.cn/cvbnm/2e/9c/0b/01b7ab6f9b9d2c0646bf90edc0fd423a.jpg" alt="" width="600" height="450" />\n<p style="text-align: center;"><span style="color: #ff9900;">春天，每天都要经过的地方。在我们学校，什么样的植物都会开花</span></p>\n<img class="alignnone" title="立体的花" src="http://i.6.cn/cvbnm/da/e9/78/24cec76ee7bba7f777bed48e5db04fc4.jpg" alt="" width="600" height="450" />\n<p style="text-align: center;"><span style="color: #ff9900;">在上完某一次体育课回来时，见到的，忍不住拍了下来。好惬意的蜜蜂</span></p>\n<img class="alignnone" title="旷远" src="http://i.6.cn/cvbnm/10/4b/ec/0df938f86af2fd6ae270e90f51e6fc93.jpg" alt="" width="600" height="450" />\n<p style="text-align: center;"><span style="color: #ff9900;">难得在西安见到这么蓝的天空，那几根柱子我也不知道是干什么，只知道这是雷达实验室</span></p>\n<img class="alignnone" title="天空" src="http://i.6.cn/cvbnm/a8/9d/c0/e5a66f3dc405f9f11f829ef9a2f39716.jpg" alt="" width="600" height="450" />\n<p style="text-align: center;"><span style="color: #ff9900;">空旷的天空却不缺乏韵味</span></p>\n<img class="alignnone" title="教学楼" src="http://i.6.cn/cvbnm/f0/8b/bd/95f21ced2645619242e7a2c7f6e897d6.jpg" alt="" width="600" height="450" />\n<p style="text-align: center;"><span style="color: #ff9900;">刚开始以为是亚洲最长的教学楼，一百度，原来是最长的教学楼群。把所有教学楼建成一排，还真亏他们想起出来</span></p>\n<img class="alignnone" title="相接" src="http://i.6.cn/cvbnm/8a/9a/53/63f92467c52ee00d2d77330803eb087c.jpg" alt="" width="600" height="450" />\n<p style="text-align: center;"><span style="color: #ff9900;">好像有一种江南水乡的味道</span></p>\n<img class="alignnone" title="夕阳" src="http://i.6.cn/cvbnm/ef/ba/84/17c6f1a38836e6694c2602a8438a0e8f.jpg" alt="" width="600" height="450" />\n<p style="text-align: center;"><span style="color: #ff9900;">夕阳下的火烧云</span></p>\n<img class="alignnone" title="宿舍" src="http://i.6.cn/cvbnm/fb/e8/48/b13580b171d4382344cc2f0bb2d453be.jpg" alt="" width="600" height="450" />\n<p style="text-align: center;"><span style="color: #ff9900;">有点像寺庙哦</span></p>\n<img class="alignnone" title="鎏金" src="http://i.6.cn/cvbnm/f7/ca/bc/7d881afbffc07f1bfa7c009e846ef5ab.jpg" alt="" width="600" height="450" />\n<p style="text-align: center;"><span style="color: #ff9900;">鎏金的天空，房屋只剩剪影</span></p>\n<img class="alignnone" title="篮球场上" src="http://i.6.cn/cvbnm/16/0b/30/149fa65eea1dbd9299faef7fb0153d96.jpg" alt="" width="600" height="450" />\n<p style="text-align: center;"><span style="color: #ff9900;">惬意，充满朝气的大学生活</span></p>\n<img class="alignnone" title="A楼" src="http://i.6.cn/cvbnm/99/ee/26/6f7ff4b678994dc8e3e67010abf5d9ca.jpg" alt="" width="600" height="450" />\n<p style="text-align: center;"><span style="color: #ff9900;">算不上巍峨的教学楼吧</span></p>', '2012-08-18 15:56:10', '2012-08-18 07:56:10', '2012-08-18 15:56:10', '2012-08-18 07:56:10', 1, 1, 1, 0, '', 0),
(11, 1, 7, '关于我', '<p style="text-align: center;"><strong>写什么呢？还是以后有时间慢慢写吧。</strong></p>\n<p style="text-align: left;"></p>', '2012-08-19 20:46:06', '2012-08-19 12:46:06', '2013-03-23 10:18:18', '2013-03-23 02:18:18', 1, 1, 1, 1, '', 0),
(12, 1, 4, '微博们的同步', '楼主偏爱新浪微博，可是我的好友大都在QQ空间、腾讯微博，本来是想推广自己的新浪微博的，无奈一月下来，也没接几个人过来，在新浪微博有点寂寞，于是决定重新打理QQ空间，腾讯微博，但我又不想相同的内容同时发几遍（比较懒）。再看，各大权贵网站的微博却不互联，没什么合作，但天无绝人之路，终于找到了提供微博之间同步服务的网站，看来和我有相同需求的人还不少。\n\n我在网上找到了几个这样的网站，在此说一下：\n\n<span style="color: #000000; position: relative; left: -2em;">微博通（原名亨拍微博通，不知怎么改名了），网址：<a href="http://www.wbto.cn/"><span style="color: #000000;">http://www.wbto.cn</span></a><strong>。</strong></span>\n<ul>\n	<li>首页设计感觉良好，支持的平台号称最多，其实也是最多。让我意外的是竟然支持QQ空间（看来QQ空间也放松了权限，开源了他们的部分接口，想分一杯羹了）。</li>\n	<li>营销手段不错，感觉应该是一个团队在做。</li>\n	<li>同时提供微博通手机版、微博通桌面客户端、微博通iPhone版、微博通Android版、微博通S60V5版、微博通S60V3版、微博通webOS版、享拍iPad版、享拍iPhone版、享拍Android版、享拍S60版手机客户端和chrome插件、微博通网页版，难能可贵的是还有塞班。现在做手机应用的能考虑到塞班系统，真的是不容易啊。对于该网站的客户端，S60V5用户不建议装微博通，建议装亨拍客户端。因为在我装微博通的时候，提示让装QT平台，这个平台装下来，要20多M的空间，装完之后，微博通还不能用，让我郁闷的。后来装的亨拍客户端比较精简，只提供发微博的功能，没有浏览功能！挺省流量的。</li>\n	<li>但抓取内容稍微有点慢了，可以理解，毕竟是从其他网站采集过来的。还有一个不大不小的bug，当我浏览一张比较长的图片时，看到头再缩小，发现不在原来读的那条微博上，而是略过了一些内容，这就有点让用户感到麻烦了！</li>\n</ul>\n<span style="color: #000000; position: relative; ; left: -2em;">其他还有诸如</span>：\n另一个也叫微博通的网站（界面不是很漂亮，比较简洁），玛莎网（名字起得很好，功能和亨拍微博通也差不多，但不支持QQ空间的同步），这些算是比较出名的。提供微博同步的还有很多网站，找到你感觉顺眼、顺手的就可以了！', '2012-08-22 21:56:11', '2012-08-22 13:56:11', '2012-08-22 21:56:11', '2012-08-22 13:56:11', 1, 1, 1, 1, '', 0),
(13, 1, 4, '路上的路', '<div>        鲁迅曾说过：世界上本没有路，走的人多了，也就成了路。但世界上如此多人，走出了那么多的路，我到底应该走哪条？一年前，我就这样纠结着。美国诗人弗罗斯特在两条路之间选择了芳草萋萋，十分幽寂的路。他认为这条路显得更诱人，更美丽。但我却不是诗人，没有他的勇气，仅仅选择了一条，看似极其普通的路，并且就算我想走人少的路，中国的路很多，可是由于人口众多，我发现我想到的每条路都有很多人走过了！还为自己如此普通而郁闷过。</div>\n<div>        一年过去了，大学过了四分之一。未上大学前，对大学期望是如此美好，每天不再做作业，跟着社团一起玩，学校有很多女生让我们欣赏。可是，上了一年大学后发现，做作业时间基本和高中差不多，仅仅是没有高中紧张了；开学后也去面试了两个社团，可人家却把我踢了，也因为生病不得已在国庆节提前一星期回家，等到回来时发现，社团们都已经招完新了。功课也落下了一大截。无奈我只好每天都去自习，由于，在高中习惯体制化了，所以每天自习也并不感到苦逼，相反也慢慢喜欢上去自习了，这样成绩还说得过去，就是英语还是那么烂，没办法，对英语要求低了，每天也想着学英语，可是总是不自觉的把英语放在最后，经常自习结束也没看上几分钟英语，并且，也不知道怎么去学英语！大一上学期因为不让带电脑，不去学习也没什么事可做，故而顺理成章的养成了自习的好习惯！每天准时9点半回宿舍，因为没网可上，手机慢慢也玩烦了，就慢慢听起流行音乐了，这样到还不经意间学会了几首歌。以前，根本就不会唱歌，现在不能说会唱歌，只是在KTV里面也能拿着麦克风吼几首，不管唱的好听不好听吧，总算还是能听，这也是一年之内的改变吧！到了下学期，虽然学校依然要求不准带电脑，可是我们宿舍12个人都带了电脑，有了电脑，发现听歌的时间变少了！慢慢的脖子也疼了，但真正用电脑编程的时间却是少之又少！</div>\n<div>\n<div>一年前，第一次离开家，我的心情是忐忑而又激动的！由于在高中随意惯了，到了大学还带着这种随意的心态。可是军训却给了我下马威，没有集体意识，什么都做不好，军队又是纪律严明，时间观念非常强的地方，让我这种天性懒散的人感到格外不好过。以前的从容心态荡然无存，只有尽全力去做，我感觉我军训那段比高三都上心，可真的没有运动细胞。再加上作息时间和舍友们冲突，上大学前从来都是10点之前睡觉的，但大学11点半熄灯，我们大都是12点左右休息的。当时，我真的是无法接受，我认为我不能熬夜。熬夜的话第二天就会痛不欲生，就这样，让我很不爽。最后不知怎的，一军训完就病倒了，在学校门诊看了很长时间都不好，最终提前回家了，在家打了半个月的点滴，才算是好了！再回到学校，真的是元气大伤！</div>\n<div>        后来，我明白了，不能熬夜只是我臆想出来的，有时候，我总是消极的看待问题，把问题想的总是那么坏，自己虐待自己。现在的我，基本上已习惯了这种作息，甚至于让我十点睡觉，我反而睡不着了，这难道不是对当时的我的一种讽刺！任何局面，看似没有出路，但可能真的是你自己把路封死了。当我真的接受了，恍然发现，熬夜真的没有那么可怕，噩梦只是我臆想出来的。</div>\n<div>        由于没有参加社团，平时没什么事可做，无聊的只有自习了！我们学校本来女生就少，再加上我没有机会，也不敢创造机会和女生说话，导致大一下学期，和女孩说话的次数，手加上脚就可以数过来，不过现在也习惯了，我性格就那样，也没办法。不知道这学期会和女生说几句话，这次我一定要记下来！</div>\n<div>        不管怎样，这一年，确实是增长了不少见识（虽然也很少去市区），算下来，这学期，读了几本书，看了几部动漫，观了几场电影，和高三相比，可能只有情商下降了（貌似高三情商也不高）。总而言之，胸怀是有所拓宽吧，以前很多不能接受的事情，现在看来，可以一笑了之！关于玩的本领，却是没有增加多少，我承认我不是一个会玩的人，这方面应该加强，万一以后有可能交了女朋友，不能让她感觉我不解风情啊！</div>\n<div>        我们走过的路，大多都是前人走过的，但因为是我们自己走，这就不同于我们听到的关于这条路的传闻，我们亲身体会其中的酸甜苦辣，这条路影响着我们。我们走在前人走过的路上，创造着自己的人生之路，终有一天，我们走的这条路会因我们走过而有所改变！</div>\n</div>', '2012-08-24 23:04:08', '2012-08-24 15:04:08', '2012-08-24 23:04:08', '2012-08-24 15:04:08', 1, 1, 1, 4, '', 0),
(14, 1, 6, '装Win PE的坎坷历程', '<div>买了移动硬盘之后，慌着把数据转存过去。前几天，突然间想给硬盘装个U盘启动工具，我也知道装这个要格式化硬盘，可是硬盘上已经有了500多G的数据，实在不想再移出去，遂上网搜索如何在不格式化硬盘的前提下，装上Win PE，网上说在移动硬盘下扩展一个新的分区就可以装了，我赶紧这样弄了，下了大白菜U盘启动制作工具，照例要格式化，我以为格式化的只是那个分区，下面就是一般步骤了，等我装完之后，模拟启动一下，没出现那个界面，然后重启电脑准备检测一下，在启动的过程中，电脑报警了几下，就自动关机了，这时已经很晚了，我也就睡觉了。</div>\n<div></div>\n<div>第二天，等我起来后，打开电脑发现，移动硬盘不能用了，盘符打不开了。实在是无奈，提示格式化，这时我就知道，我那500多G的数据多半是保不住了。但当时实在没办法，也就狠心格式化了，期望着通过数据恢复工具能恢复。格式化之后，赶紧找金山数据恢复工具，可现实和理想差距是如此之大，数据恢复工具理论上确实可以恢复我硬盘里的数据，可却不知要等上几年。也只有认命，心疼那些我下了一个学期的数据。</div>\n<div></div>\n<div> 但我还是没忘记我最初的目的：这次数据没了，装Win PE 就没后顾之忧了。我换另一个叫电脑店的U盘制作工具，却发现它不支持移动硬盘，再次换回大白菜，又把硬盘分了几个区，还设置了活动分区，这次装成功了，我高兴地把电脑从硬盘上启动了，然后发现桌面上有个分区工具，就想给硬盘分一下区，分了之后，我很是高兴，但发现电脑却无法从硬盘启动了，悲催了，硬盘再次被格式化了，刚装好的PE也没了。我还以为不会格式化呢，系统怎么会格式化自己的数据呢？可是我错了，原来从U盘启动后，Win PE并不是运行在U盘上，而是运行在本机的硬盘上，所以，在Win PE下U盘、移动硬盘都只是普通的存盘而已，当然可以把它格式化了。最后，又重新做了一个启动盘，带着空空的硬盘来到了学校。</div>\n<div>       经过这次意外，让我知道：买硬盘后一定要先装Win PE。数据恢复工具是浮云。没事不要瞎折腾。呵呵</div>', '2012-09-01 23:48:47', '2012-09-01 15:48:47', '2012-09-01 23:48:47', '2012-09-01 15:48:47', 1, 1, 1, 3, '', 0),
(15, 1, 4, '裸考数学竞赛', '<div>        上学期不知哪根筋不对了，报了数学竞赛，花了25元报名费，暑假前也得到了一本历年数学竞赛试题。暑假前，计划着每天做一些，应该可以做完。在暑假里，却没心情做，也不太会做，总是觉得剩下的时间还很多。于是到了最后几天，发现一点也没做，慌了，心理安慰自己，竞赛不是在9月吗，还有时间。于是，一个暑假没做什么事情，放假前计划的是多么的好啊，要看这个，要学那个。可是到了暑假，身在其中，就不知道时间的珍贵了。总是以为时间还有很多，把事情一直往后推，最后没时间做了，就破罐子破摔，反正你就是摔了自己，在大学也没人管你。于是乎，明白：上学时不宜计划放假中的事情。</div>\n<div>         到了学校，想着扎在图书馆，埋头做那套试卷，可事实证明，我又做白日梦了。在学校的日子，更身不由己，课要上，作业要写，电脑要玩，书要看，要发呆....... 然后，就到了昨天，学习委员告诉我，明天要竞赛考试。他不说，我都快忘了。我意识到，要裸考了。那套试卷在我书包里进进出出了很多次，可我却没有翻过，真是委屈了她。粗略的看了一下准考证，发现考试竟然要三个小时。额，也没看开考时间，就把准考证塞到书包里了，到睡觉都没拿出来，最后，将要睡觉了，突然意识到，不知道开考时间是一件很严重的事情，祷告了一下不要睡过头，就睡觉了。</div>\n<div>         早上八点醒了，赶紧起床，掏出准考证，万幸，没迟到，九点开考。然后刷牙吃饭，正好九点整来到了考场，一看人还不少，赶紧找到我的座位，坐下，发现我前面竟然是我们班的第一名。呵呵，也没和她说什么话，就开始考试了。可是，高数学的都忘得差不多了，只能凭感觉写了，费了九牛二虎之力，终于把选择填空做完了，看了一题又一题问答题，不会，还是不会，我不知道高斯公式和斯托克斯公式有什么区别了。陆续有人走了，我也有点想走了，可看着，前面那位在认真做的背影，我咬咬牙，继续做了。不会怎么办，我开始胡写了，尽量少留下一片白。最后，还是有三道大题，留白了。考试结束，回头一看，总共还有15个人不到，呵呵。</div>\n<div>           走出教室，我这样安慰自己：重在参与！</div>', '2012-09-08 23:29:26', '2012-09-08 15:29:26', '2012-09-08 23:29:26', '2012-09-08 15:29:26', 1, 1, 1, 2, '', 0),
(16, 1, 2, '短板之音乐', '前几天，伟大的选课开始了。同学们使出各种招数，有通宵熬夜的，有逃课去选课的，却仍没选上。然后，我们学校的服务器就挂了！在学长们的指导下，我毅然决然的直接找老师了。\n\n本着想多学一点东西的原则，选择了电脑音乐制作这门课。去听的时候，这已经是第三节课了，原来一开学课就开始了。“不过没关系，前面没讲什么重要的。”老师说。他就开始讲什么音符、音程、什么八度啊！让我感觉犹如听天书。好久没这种感觉了。我发现在乐理、五线谱、简谱这些方面真的是一窍不通。隔行如隔山啊，教室里应该有一百多人，像我这样的人还不少，也是工科学生的普遍现象。虽说也听一些歌，但完全不懂什么音调，节奏。\n\n一大短板啊！看来我选择这门课，还真是选对了，至少应该可以学一些基本的乐理知识！', '2012-09-12 13:08:49', '2012-09-12 05:08:49', '2012-09-12 13:08:49', '2012-09-12 05:08:49', 1, 1, 1, 3, '', 0),
(17, 1, 4, '选课记', '大一时，导员跟我们说：“军训完之后，你们才是真正的大学生。”我要说：“你不经历过大学的选课，怎么好意思说自己是Big Student！”\n\n在我们学校，最近流行一句新的问候语:“你今天选课了吗？选上了吗？”那个人就会无精打采的给你说：“通宵刷教务处的网站，却连学习主页都没进去。”而时下最能证明你RP高的就是选上课了！\n\n本人是个不喜欢熬夜做什么的！所以，见教务处刷不进去，也就顺其自然了！学长说，可以直接去找老师，我们也就决定去找老师了。可是，在星期二的时候，当我回到宿舍，听舍友们说，老师可以帮你登记，但教务处那里不一定认可。听到这句话后，他们不淡定了，决定：十点睡觉，半夜两三点起来刷选课。他们睡这么早在这之前我还没看到过，感到一丝惊讶，可我却不想半夜爬起来，有什么能比得上睡觉重要呢！我还是11点半睡觉，不打算半夜起来......\n\n然后，在五点多我醒了，本来他们约定要一起，两点多起来的。可结果：闹钟没叫响设置闹钟的人，只叫醒了一个人。我们的胖胖，他一直从两点多开始刷到五点多，终于是选上了。然后他把我们就都叫醒了。我也决定下去试一下。打开电脑，登录教务处，登入，选一门课，再选一门课，一次完成，中间没有出现什么加载失败、页面过期啊！而他们两个，比我起来得早，却没选上！上帝在和我们开玩笑。只能说，我比较幸运，RP高。当然，第二天白天不爽了一天，不过选上课了，也完成了一件事，还可以。\n\n星期三晚上，他们俩发誓要选上课。然后开始准备各种利器，浏览器换成google，去其他网速比较好的宿舍选。还真的刷了一夜，但悲剧的是，舍友还是没选上。这又让我感觉自己的RP不是一般的高啊！\n\n最后，看这么多人选不上课，教务处终于优化了他们的服务器！以前，每个人为了选上课，一次开7、8个窗口。这样本来就有五六千人，再乘以7，就更难登上了，大家都抢着要选上课，可是这样谁也选不上。而教务处禁了这种方式，这样相对，服务器负载就不会那么大了，终于今天，舍友们差不多都选上了！\n\n为选课熬过夜，这才能说是真正的校内人！！！！', '2012-09-16 00:27:57', '2012-09-15 16:27:57', '2012-09-16 00:27:57', '2012-09-15 16:27:57', 1, 1, 1, 0, '', 0),
(18, 1, 6, 'python-tornado起步', '今天终于在linux、windows下把python tornado web server 搭建好了\n\n但在linux下编这个程序的时候发现通过不了（windows下可以通过）\n<blockquote>\n<pre><code>import tornado.ioloop </code></pre>\n<pre><code>import tornado.web</code></pre>\n<pre><code> class MainHandler(tornado.web.RequestHandler): </code></pre>\n<pre style="padding-left: 30px;"><code>def get(self): </code></pre>\n<pre style="padding-left: 60px;"><code>self.write("Hello Python-Tornado！") </code></pre>\n<pre>application = tornado.web.Application([ (r"/", MainHandler), ])</pre>\n<pre> if __name__ == "__main__":</pre>\n<pre style="padding-left: 30px;"> application.listen(8888)</pre>\n<pre style="padding-left: 30px;">tornado.ioloop.IOLoop.instance().start()</pre>\n</blockquote>\n<pre>按照这个代码敲，提示Application类无listen方法，然后又纠结了半天，</pre>\n<pre>在网上看到了另一种写法，就改成了这样：</pre>\n<pre><a href="http://www.jcodef.com/wp-content/uploads/2012/09/pyto1.jpg"><img class="alignnone size-medium wp-image-148" title="pyto1" src="http://www.jcodef.com/wp-content/uploads/2012/09/pyto1-300x98.jpg" alt="" width="300" height="98" /></a></pre>\n<pre> linux下、windows下皆可通过！</pre>\n<pre>可能还是linux下的tornado没装好！！</pre>\n<pre>明天再研究！！</pre>', '2012-09-19 00:01:42', '2012-09-18 16:01:42', '2012-09-19 00:01:42', '2012-09-18 16:01:42', 1, 1, 1, 0, '', 0);
INSERT INTO `posts` (`post_id`, `author_id`, `category_id`, `title`, `content`, `publish_date`, `publish_gmt`, `update_date`, `update_gmt`, `post_status`, `comment_status`, `visibility`, `comment_count`, `post_password`, `view_count`) VALUES
(19, 1, 6, 'Linux菜鸟瞎折腾', '昨天在命令行下输入了aptitude upgrade命令之后不知怎么的，linux内核竟然升级了，升级也挺好的，可关键是旧的版本也还存在。这样在开机时就出现了这种情况：\nRT\n<a href="http://www.jcodef.com/wp-content/uploads/2012/09/buhuo1.jpg"><img class="alignnone  wp-image-154" title="buhuo1" src="http://www.jcodef.com/wp-content/uploads/2012/09/buhuo1.jpg" alt="" width="507" height="292" /></a>\n\n然后我就不爽了，本来一个内核就有两个选项：一个是图形界面，一个是命令行。现在又多了一个内核，也就有四个选项可以选择了。\n\n实在是看着不舒服，也就一个小小的虚拟机，看着貌似装了四个系统！\n\n于是就在ChinaUnix论坛询问，感谢网友们的热心回答，我知道了怎么删除那个旧内核的方法:\n\n在终端或命令行下输入：\n\ndpkg --get-selections|grep linux\n\n然后在root权限下输入：\n\ndpkg --purge --force-remove-essential linux-image-XXX\n\nXXX为要卸载的旧的版本号\n\n就这样，成功卸载了旧的linux内核\n\n如图：\n\n<a href="http://www.jcodef.com/wp-content/uploads/2012/09/buhuo2.jpg"><img class="alignnone  wp-image-155" title="buhuo2" src="http://www.jcodef.com/wp-content/uploads/2012/09/buhuo2.jpg" alt="" width="384" height="291" /></a>\n\n但是前面还是有那个蓝色的画面。继续请教，得知;\n\ngrub需要升级到grub2。\n\n我键入命令：\n\nupgrade-from-grub-legacy\n\n在让选择安装在哪个文件夹下的时候，我尝试了好几次，就是选不中，按enter键会提示你不装grub会怎么怎么。。。\n\n我想装上啊，可是选不中！没办法，我只好选否！然后就悲剧了！\n\nRT\n\n<a href="http://www.jcodef.com/wp-content/uploads/2012/09/buhou3.jpg"><img class="alignnone  wp-image-156" title="buhou3" src="http://www.jcodef.com/wp-content/uploads/2012/09/buhou3.jpg" alt="" width="504" height="285" /></a>\n\n没了操作系统启动程序，然后就Error了！\n\n我又向高手提问，可能是高手嫌我水平太次了，我也感觉很后悔！要是在服务器下，我这样的话那损失就大了！！\n\n于是我上网搜解决方法，可网上很多都是删除GRUB的方法！！我无奈，只好重装系统。最笨的一种方法！\n\n刚开始一切顺利，因为以前也装过几次，这次选的就是图形专家模式，可在选择linux内核版本的时候，我为了最求最新版，选了一个比较新的版本，可是快装成功的时候，竟然提示该内核版本不支持我的CPU，也多次退回去重新操作，可是还是没成功！\n\n万般无奈，再次重装，这次选的是普通模式（install），在装到选择APT源的时候，发现无法更改APT源，只能从国外的源里下载，十几K的速度，麻木的再次重启、重装。依旧是Install模式，这次选择不从网上下载软件，可是选择之后，进度条却不走了！\n\n心理哭着再次重装、这次还是坚持第一次的选择吧！选择Advanced-&gt;Graphic Advanced Install，这次选择较低的linux版本 ，设置了学校的源，安装成功！！\n\n在安装的时候没选桌面环境，因为不想用默认的Gnome桌面管理环境。自己装了一个wmaker桌面环境，可是我水平比较菜，终端中文输出为乱码。也不知怎么解决，于是只好aptitude install gnome，然后就装好了！弄了一下午啊\n\n秀秀自己的桌面，还不怎么会设置，比较难看。\n\n<a href="http://www.jcodef.com/wp-content/uploads/2012/09/buhuo4.jpg"><img class="alignnone size-medium wp-image-157" title="buhuo4" src="http://www.jcodef.com/wp-content/uploads/2012/09/buhuo4-300x229.jpg" alt="" width="300" height="229" /></a>\n\n最后得到了几个教训，在Debian linux下慎用aptitude upgrade！不知道会出现什么东东！\n\n一定要养成做备份的习惯，关键时候会让你省很多力气的，\n\n不然有你哭的！\n\n当然“远离电脑，珍爱生命，没事不要瞎折腾！”是最好的了！！', '2012-09-20 23:37:11', '2012-09-20 15:37:11', '2012-09-20 23:37:11', '2012-09-20 15:37:11', 1, 1, 1, 0, '', 0),
(20, 1, 6, 'Debian下安装Google Chrome', '今天突然发现了一个小问题，wmaker下竟然没有一个可用的浏览器！自带的w3m实在过于奇葩，于是就在软件源里找可用的浏览器，可软件源今天也出问题了！不知怎么的竟然发现了我们学校的源没有公共许可密钥。于是开始自救。网上说在任意文件下新建个名为“key0x07DC563D1F41B907.asc”的文件。我建在home/下，键入命令：nano key0x07DC563D1F41B907.asc\n\n输入以下内容：\n<blockquote>-----BEGIN PGP PUBLIC KEY BLOCK-----\nVersion: PGP Universal 2.0.3\nmQGiBDf3hHARBAC/pUIb79CHi2b1LdPI1pUgAMMVAcpLk+g+LRUcNnTVWrXBUkLv\ngjbraraA1jw728X7RE7BCqQc8TO2AkqZu4E16a4hFms58agPRtyXHcQMqRSBjkT2\nhXC73sO/nookcmtFNeiNSTTvrITcDabhs8rnVNYCJxpUm0yZBwnripzNlwCgl2OZ\n7W3M0hMahh/nPO/pqkQIO60D/RUoWs5bBZ0BAeTfUJpCjGpE0SiT/cryZSF9sKEx\ncPN135PURKVytofxc8bv2ZSd9v1CG+iO2JcmQ8ie7CD+qnub6AW9Uf6uFFfDpdgG\n2k2cZGoHMdiw6mnSb5fbvwCKgi9Nj3AOeDF7WcgFdQFLags28vfypL/RH2XhPfBe\n4EV+A/9TZ1Kxgk69dn3l5BGpwudmzHiD1142G7eZI1JlM4pJuOw6YY+NRDeVEbcF\niP5diGZWdcoRYgwEEfLpgl7ok0ScRN3wPfZtmUl3GACsAZbxh06utkP2X3Lptopd\nPuoJhlKD6FpK99TDD34TWy76tBmigzm/CkLaTI4gawpWs5D89LQoQ2hyaXN0aWFu\nIE1hcmlsbGF0IDxtYXJpbGxhdEBkZWJpYW4ub3JnPohGBBARAgAGBQI9GPl1AAoJ\nELed76p6J6DMsMwAn2/I4VYcMENSdO/FM+6Yb/1PGv+HAJ4zn+3i7Z+R/iDhx7c+\nluDpfBTe+IhGBBARAgAGBQI9GWSJAAoJELz2xg9ugWnSt6AAoJPHD0N6LnQMUZxv\n7MkcUIRE88CMAJwI5lVoJ0TCFHG/49pcjN7Lzbc1RohhBBMRAgAZBAsKBAMDFQMC\nAxYCAQIXgAUCQRiYygIZAQASB2VHUEcAAQEJEAfcVj0fQbkHn/IAmwahlSO4z8f3\nYToV+72CX6sWvkehAJ4q9zOytEMKy/Vk08w7h+3mOLR56IkBIgQQAQIADAUCQ7jd\n6AUDABJ1AAAKCRCXELibyletfNmOB/9V5AMQgN8WCxrToFjWf8aEN3v+6frpfUa/\n6u88J+31/6jGQI83lK1Kp9fIZQwA9JuZxT+hTwsmc6SiU3NnGQl8ZejupoJwvxex\nOPSB3CtzmhjB2VDNE5tU9yRq6Qpz9QNK0e4vl8pDvrUjkqHJH3VPz+ORYbPrsCHx\nafrIosI7alyjqv231i8mriOjFY5JDIXuj+xq4hMzGtFJOC4BNZWqtIH3tkFj2m/f\nl7SIwUa42YboT9IAfJ+ZVr2FZREOrXmVA9rDJPodAD8ComxS0VUWYxi85mE2KqPw\nHcARXGri10hmfSpiUBRH4snUZzJozEAgah5W/g/heSyiHYEGsPvtuQGNBDf3hM4Q\nBgCM2yVxcrBFgwUDOxbBqBbTEfYc5If3POLMRglvOuJ9/H1iEJ5Wk6+zcz21jxPa\n4FQrk2F/faGeRV1cy0A7qmibmQpvewJwgzeY7wOIulPYlAd23+VQPhN53GYVwO75\nGA1vst0tI26VRKscpt73PatCcykrgNWHWjvDKmDC4V2T+OFz4okOC1VYc9qfcVvH\nF1R3lgAnFBTObx49K1+UyGatvWiZTtofETDZ8aHzsd0ObJoLHHmmHye5bgE9yRLj\n5L8AAwUF/0L/TXmzjtJ3hmXC86OB7Vzqe/n8MVqWElq4OzzEXi0PxzbgLzcEN+KV\no4iXaNZ2/oI79dLblYixS6wh/cG2XT6RTG1R1CiubmJXGiFn6xeAw5aiQTKZBjUi\nnXqFxR/ZtH4p8/ZAzk2SpAOEIp5Gqfg0OCxgHqWmNWR64vfPJKND6qcoQRQ8a+3V\n77xq0ZurHejwprjaUf7FHOK/u6lc8eW7JdCKisZ7efdGdu8QVFnmkpeHvyCyDpkC\nrc4mmetj4ohGBBgRAgAGBQI394TOAAoJEAfcVj0fQbkHp0QAnA3/HBLEhjAydk5n\nZ+PeV+Fxs+h8AJoDew5wFKb477LBOz0qyWxe+byZzg==\n=oDfT\n-----END PGP PUBLIC KEY BLOCK-----</blockquote>\nCrtl+o保存，Crtl+x退出nano。\n\n再在root下输入命令：apt-key add key0x07DC563D1F41B907.asc\n\n更新源，成功认证！\n\n但google，firefox，opera在源里都找不到！于是再次上网，由于对google的怀旧，就找装google chrome的方法：\n\nnano /etc/apt/sources.list 打开源地址设置文件，追加google的源\n\ndeb http://dl.google.com/linux/deb/ stable main\n\n同样要设置认证：\n\n输入：wget -q -O – https://dl-ssl.google.com/linux/linux_signing_key.pub | sudo apt-key add -\n\n然后：apt-get update\n\n安装测试版：apt-get install google-chrome-beta\n\n不稳定版：apt-get install google-chrome-unstable\n\n不过貌似装下来比较大需要100多M的硬盘空间，这对爱惜内存、磁盘空间的linux用户可不算好。\n\n最后秀一下自己的劳动成果\n\n<a href="http://www.jcodef.com/wp-content/uploads/2012/09/igc.jpg"><img class="alignnone size-medium wp-image-163" title="igc" src="http://www.jcodef.com/wp-content/uploads/2012/09/igc-300x230.jpg" alt="" width="300" height="230" /></a>\n\n&nbsp;', '2012-09-21 20:52:32', '2012-09-21 12:52:32', '2012-09-21 20:52:32', '2012-09-21 12:52:32', 1, 1, 1, 0, '', 0),
(21, 1, 6, 'python server.py', 'server.py源代码：\n\n<a href="http://www.jcodef.com/wp-content/uploads/2012/09/serverpy.jpg"><img class="alignnone size-medium wp-image-167" title="serverpy" src="http://www.jcodef.com/wp-content/uploads/2012/09/serverpy-300x166.jpg" alt="" width="300" height="166" /></a>\n\n运行结果：\n\n<a href="http://www.jcodef.com/wp-content/uploads/2012/09/telnetpy.jpg"><img class="alignnone size-full wp-image-168" title="telnetpy" src="http://www.jcodef.com/wp-content/uploads/2012/09/telnetpy.jpg" alt="" width="293" height="163" /></a>\n\n通过服务器实现和本机交互！\n\n&nbsp;', '2012-09-21 23:25:33', '2012-09-21 15:25:33', '2012-09-21 23:25:33', '2012-09-21 15:25:33', 1, 1, 1, 0, '', 0),
(22, 1, 6, 'Django Template', '跟着《The_Django_Book》敲代码，在第四章创建模版对象的时候遇到了问题，我按着书上的代码，敲了一遍又一遍，还是出错\n\nRT：\n\n<a href="http://www.jcodef.com/wp-content/uploads/2012/09/template1.jpg"><img class="alignnone size-medium wp-image-173" title="template1" src="http://www.jcodef.com/wp-content/uploads/2012/09/template1-300x184.jpg" alt="" width="300" height="184" /></a>\n\n出错信息提示环境变量未设置，然后赶紧把/site-packages/django加入环境变量，再运行，还是不对，但我记得昨天明明成功了，遂上网百度，然后了解到昨天我是从我建立的那个项目进入的，于是试验之，\n\nRT：\n\n<a href="http://www.jcodef.com/wp-content/uploads/2012/09/template2.jpg"><img class="alignnone size-medium wp-image-174" title="template2" src="http://www.jcodef.com/wp-content/uploads/2012/09/template2-300x168.jpg" alt="" width="300" height="168" /></a>\n\n从manage.py 进入python的交互式界面，mysite/settings.py 会导入好所需程序的环境变量。然后python就不会抛出异常了\n\n哎！引以为鉴', '2012-09-27 18:48:21', '2012-09-27 10:48:21', '2012-09-27 18:48:21', '2012-09-27 10:48:21', 1, 1, 1, 0, '', 0),
(23, 1, 6, 'Python安装MySQLdb', '本来装的Python2.7.3，后来因为一些原因换成了2.5.2，而在今天装MySQLdb的时候出问题了。在该<a href="http://www.djangoproject.com/r/python-mysql/">http://www.djangoproject.com/r/python-mysql/</a>下下载MySQLdbWindows安装包，装完之后，在Python环境下import  MySQLdb\n\n出错。然后上网搜，各种教程。都没解决，抱着试一下的态度，重新装了Python2.7.3，再重装MySQLdb，装的时候，识别出Python2.7，就明白弄对了。cmd-&gt;python import MySQLdb 无异常抛出，成功。\n\n看来有时更新版本是必须的，这样能节省很多麻烦。但MySQLdb竟然不能识别低版本的Python解释器，这有何尝不是一个小bug呢！', '2012-09-28 00:02:54', '2012-09-27 16:02:54', '2012-09-28 00:02:54', '2012-09-27 16:02:54', 1, 1, 1, 0, '', 0),
(24, 1, 2, '熟悉的界面回来了', '在这将近两点的时刻，我终于把wordpress完整的召唤回来了！\n\n我不该删服务器上的wordpress文件的，虽然我备份了，但却还原不了！\n\n之所以没成功，可能是我挂代理太频繁了，然后往服务器上上传不了文件，也没法重新安装！\n\nCpanel自带的备份还原真心不好用，可能是我不会用。\n\n本来是想换成python后台脚本的，可是貌似服务器不支持python-django架设。\n\n而且我太鲁莽了！应该再测试一下的！', '2012-10-04 01:59:22', '2012-10-03 17:59:22', '2012-10-04 01:59:22', '2012-10-03 17:59:22', 1, 1, 1, 1, '', 0),
(25, 1, 2, '一周心情（一）', '<ul>\n	<li>一年前的这个时候我们还是新人，然后我们就老了！</li>\n	<li>想学各种技术，还想一下子学完、学会，但我不是天才。有点累</li>\n	<li>生活中不应该只有代码，还要有音乐、电影、动漫、摄影。貌似这短时间把这些忽略了。</li>\n	<li>苦逼的程序猿，敲代码敲了一天。</li>\n</ul>', '2012-10-06 00:49:54', '2012-10-05 16:49:54', '2012-10-06 00:49:54', '2012-10-05 16:49:54', 1, 1, 1, 0, '', 0),
(26, 1, 2, 'linux下成功着陆facebook', '许久不发日志，今天想发日志来着，发现我进不了我的网站了。生在和谐社会，无奈只好配置一下goagent。因为已换linux，虽然那个插件被google同步过来了，但程序还是要下载滴。简单配置一下，成功着陆facebook。貌似goagent那个软件包还是linux和windows下都可以用啊！看着那些exe文件挺怪异的。', '2012-10-24 15:49:54', '2012-10-24 07:49:54', '2012-10-24 15:49:54', '2012-10-24 07:49:54', 1, 1, 1, 2, '', 0),
(27, 1, 6, 'python创建子进程', '在使用python的subprocess.Popen()创建的子进程死循环时，当设置shell=True时，使用subprocess.popen().kill()无法杀死子进程，然后换成\n\nos.kill(proc.pid, signal.SIGKILL),同样无法杀死，郁闷纠结之。在kill()后加上wait(),防止僵尸进程，同样无法结束。看来不是加不加wait()的事情。于是加了一条print "PID:%d" % proc.pid(),打印出子进程PID,发现问题了，打印出的进程号，和top显示的不一样，总是相差1，\n\nRT\n\n<a href="http://jcodef.com/wp-content/uploads/2012/10/bug.png"><img class="alignnone size-medium wp-image-202" title="bug" src="http://jcodef.com/wp-content/uploads/2012/10/bug-300x168.png" alt="" width="400" height="220" /></a>\n\n于是把改成os.kill(proc.pid+1,signal.SIGKILL), 成功杀死子进程。\n\n于是很激动以为发现了python的bug，想着跟python社区发个邮件报告一下。\n\n当我查看subprocess的官方说明时，发现原来人家早有提示啊，\n<blockquote><dl><dt id="subprocess.Popen.pid"><tt>Popen.</tt><tt>pid</tt></dt><dd>The process ID of the child process.<span style="color: #ff0000;">Note that if you set the <em>shell</em> argument to <tt>True</tt>, this is the process ID of the spawned shell.</span>\n<div></div>\n</dd></dl><dl></dl></blockquote>\n还是我看文档不够细心。<span style="color: #000000;">这句话的google翻译结果是：</span>\n\n<span style="color: #000000;">“需要注意的是，如果你的shell参数设置为True，这是衍生shell的进程ID。”</span>\n\n但为什么相差总是相差1呢？官方也没给出解释。\n\n于是去掉shell=True,kill(),和os.kill(pid,signal.SIGKILL)都能工作。\n\n最终源代码：\n\n<a href="http://jcodef.com/wp-content/uploads/2012/10/Screenshot-from-2012-10-24-195604.png"><img class="alignnone size-medium wp-image-205" title="Screenshot from 2012-10-24 19:56:04" src="http://jcodef.com/wp-content/uploads/2012/10/Screenshot-from-2012-10-24-195604-300x215.png" alt="" width="500" height="400" /></a>\n\nhelloworld.c测试代码：\n\n<a href="http://jcodef.com/wp-content/uploads/2012/10/Screenshot-from-2012-10-24-195532.png"><img class="alignnone size-medium wp-image-206" title="Screenshot from 2012-10-24 19:55:32" src="http://jcodef.com/wp-content/uploads/2012/10/Screenshot-from-2012-10-24-195532-300x122.png" alt="" width="300" height="122" /></a>\n\n主要是因为自己看文档不够细心，同时早就应该尝试把shell=True去掉的。也不至于浪费那么长时间。', '2012-10-24 19:50:37', '2012-10-24 11:50:37', '2012-10-24 19:50:37', '2012-10-24 11:50:37', 1, 1, 1, 0, '', 0),
(28, 1, 6, 'ubuntu 使用mentohust连接校园网', '环境：XDU+Y470+分到静态IP\n<p style="text-align: center;"><strong>题外话</strong></p>\n突然间收到了静态IP，windows已无法联网，只好立即装linux，先装的DebianAMD64，启动时出现花屏，以为是版本的问题，重装成i386，依旧花屏，使用mentohust，成功联网，但显卡驱动没装好，显示影响基本浏览，然后nvidia官网下载闭源驱动，总是提示gcc版本不匹配，装成它要求的版本还是不成功。无奈换成ubuntuAMD64，显示正常，也连上了网，但重启后，又是无法联网。于是再换DebianAMD64，依旧花屏，且汉字显示为块状，......又换回ubuntu。\n<p style="text-align: center;"><strong>正文</strong></p>\n首先下载mentohust（见附件）\n\nsudo tar zxf mentohust.tar.gz -C / 解压到根目录。\n\ncd /mentohust 进入mentohust目录\n\nchmod a+x install 加入可执行权限\n\nsudo ./install 安装\n\nsudo gedit /etc/mentohust.conf\n\n填入用户名 密码\n\ndns设置为114.114.114.114 保存\n\n为网卡配置静态IP地址\n\n编辑文件/etc/network/interfaces:\n\nsudo gdeit /etc/network/interfaces\n\n并用下面的行来替换有关eth0的行:\n\n# The primary network interface\n\nauto eth0\n\niface eth0 inet static\n\naddress IP地址\n\ngateway 网关\n\nnetmask 子网掩码\n\ndns-nameservers 114.114.114.114\n\n保持和/etc/mentohust.conf 一致\n\nsudo /etc/init.d/networking restart 重启网络使配置生效。\n\n尽量不要在/etc/resolv.conf设置dns，每次重启后该文件都会被重置。\n\n然后 sudo mentohust，\n\n出现：\n\n认证成功!\n\n发送心跳包以保持在线...\n\n欢迎来到linux世界。\n\n参考资料：<a style="color: blue;" href="http://xdlinux.info/wiki/index.php/Linux%E8%BF%9E%E6%8E%A5%E6%A0%A1%E5%9B%AD%E7%BD%91" target="blank">linux连接校园网</a>\n\n&nbsp;\n\n附件：<a style="color: blue;" href="http://pan.baidu.com/share/link?shareid=114284&amp;uk=2887257007" target="blank">mentohust.tar.gz</a>', '2012-10-31 18:52:26', '2012-10-31 10:52:26', '2012-10-31 18:52:26', '2012-10-31 10:52:26', 1, 1, 1, 0, '', 0),
(29, 1, 2, '向往中的午后时光', '秋去冬来，西安的秋天如别人所说那样短暂，穿上了松松的毛衣，准备迎接冬的亲密接触。这时候更显示出了西安一天如四季的奇葩气候。而今天又加了点料：风冷光暖。犹豫再三，终于是去自习去了。来到教室，找了个靠窗的位置，冷天的阳光似乎更珍贵。而对于我这种不经常见阳光的人来说，更是如此。阳光照在身上，心情也一下子变好了。接杯热水，放在阳光下，树叶摇摆着，桌上忽明忽暗。这应该就是我想要的午后时光。近段时间，似乎一直在给自己压力，心情不是很舒畅。想要学各种知识，但却快连必修课都无法搞定了。早已明白，自己已不如去年努力了。心变得有点浮躁了。', '2012-11-03 22:36:19', '2012-11-03 14:36:19', '2012-11-03 22:36:19', '2012-11-03 14:36:19', 1, 1, 1, 6, '', 0),
(30, 1, 4, '专注', '专注，一种难能可贵的品质，在我身上正在减少。\n\n这学期去自习的时间少了，似乎自己能有更多时间来学习自己喜欢的东西，但事实却不是这样的。\n\n对着电脑，点点这个，点点那个，时间就过去了。总是被一些事情拖住，装了xfce4，又删，装了e17，再删，来来回回好几次，这时间就过去了，最后留在了gnome-classic下，把ubuntu默认的unity删了，已经不想再折腾了。\n\n我喜欢专注的产品，坚信一种产品只做一种功能的理念。\n\nmp3只能听歌，电纸书只能用来看书，手机只能打电话，收发短信，而电脑是用来练习和工作的。功能单一，你使用的时候，就会越专注，效率自然变高。而功能越复杂，使用者的效率反而越低（个人之见）。\n\n但现在电脑功能如此之多，甚至手机，平板都花样百出，我们被各种各样的声音，图像所打扰。\n\n曾经我以为，电脑可以用来学习新知识，并且接触电脑的很长一段时间内也是这样认为，为此，我怀着美好的期望，下载了将近40G的专业书，希望着自己在电脑上学习。\n\n但我错了，现在的电脑是如此的功能多样，使我花在那些电子书上的时间不到使用时间的十分之一，然后，我决定使用电纸书来看那些专业书，但我又错了，大多数专业书都是A4纸扫描版的，在kindle上那真的变成了蝇头小字，然后据说，A4可以转6寸pdf的，于是又是一番折腾，什么切边，ocr，虚拟打印机，变换格式的软件都试过了，却对扫描版pdf无可奈何，当然，大多数专业书都能找到mobi格式的电子书，但那是英文原版的。我这种英文不好的人就享受不到那种格式的舒心了，所以说在kindle下看专业书体验并不佳。但我并非说kindle不好，相反，我感觉它很赞，总的来说，kindle适合看一些文学方面的书，这方面适合kindle的书倒是挺多了，抛开mobi不说，6寸的pdf也很好找，如果我能把电脑里那一千多本6寸的pdf书看完，那kindle真的是物超所值了。\n\n所以说：最好的学习方法就是老老实实的拿起纸质书吧，如果再有个不联网的电脑供练习那就更好了。\n\n比较我晚上去自习和呆在宿舍，我感觉呆在宿舍更累，而去自习真的给我以快乐,满足。\n\n而我希望以后能这样：\n<p style="padding-left: 30px;">mp3只用来听音乐。</p>\n<p style="padding-left: 30px;">电视用来看电影。</p>\n<p style="padding-left: 30px;">手机只用来联系。</p>\n<p style="padding-left: 30px;">kindle用来看文学书和获取资讯。</p>\n<p style="padding-left: 30px;">纸质书用来学习。</p>\n<p style="padding-left: 30px;">电脑只是用来工作。</p>\n找回专注，make an effort for life\n\n专注可以提高效率，可以给人满足感，可以给人以安宁，带给人快乐。\n\n你又有多久没专注过了呢？？', '2012-11-10 23:51:35', '2012-11-10 15:51:35', '2012-11-10 23:51:35', '2012-11-10 15:51:35', 1, 1, 1, 3, '', 0),
(31, 1, 6, '深度优先搜索图', '邻接矩阵\n\n------------data.txt-----------\n<div>\n<div>7 12</div>\n<div>0 0 1 0 0 0 0</div>\n<div>1 0 0 0 0 0 0</div>\n<div>0 1 0 0 0 1 0</div>\n<div>0 1 1 0 1 0 0</div>\n<div>0 1 0 0 0 0 0</div>\n<div>0 0 0 1 0 0 0</div>\n<div>0 0 0 1 1 1 0</div>\n</div>\n<div>------------code.cpp----------</div>\n<div>\n<div>#include&lt;stdio.h&gt;</div>\n<div>#include&lt;stdlib.h&gt;</div>\n<div>#define Max_vnum 50</div>\n<div>int visited[Max_vnum];</div>\n<div>typedef struct {int vexnum,arcnum;int arcs[Max_vnum][Max_vnum];}Graph;</div>\n<div>void InitGraph(Graph &amp;G)</div>\n<div>{</div>\n<div>     FILE *fin;</div>\n<div>     int i,j;</div>\n<div>     fin=fopen("data.txt","r");</div>\n<div>     fscanf(fin,"%d%d",&amp;G.vexnum,&amp;G.arcnum);</div>\n<div>     for(i=1;i&lt;=G.vexnum;i++)</div>\n<div>          for(j=1;j&lt;=G.vexnum;j++)</div>\n<div>               fscanf(fin,"%d",&amp;G.arcs[i][j]);</div>\n<div>     fclose(fin);</div>\n<div>     return ;</div>\n<div>}</div>\n<div>void DFS(Graph G,int v)</div>\n<div>{</div>\n<div>     int w=0;</div>\n<div>     visited[v]=1;</div>\n<div>     printf("%dn",v);</div>\n<div>     while(w&lt;=G.vexnum&amp;&amp;!G.arcs[v][++w]);</div>\n<div>     while(w&lt;=G.vexnum)</div>\n<div>     {</div>\n<div>          if(!visited[w])</div>\n<div>               DFS(G,w);</div>\n<div>        while(w&lt;=G.vexnum&amp;&amp;!G.arcs[v][++w]);</div>\n<div>     }</div>\n<div>     return ;</div>\n<div>}</div>\n<div>void DFSTraverse(Graph G)</div>\n<div>{</div>\n<div>     for(int v=1;v&lt;=G.vexnum;v++) visited[v]=0;</div>\n<div>     for(v=1;v&lt;=G.vexnum;v++)</div>\n<div>     {</div>\n<div>          if(!visited[v])</div>\n<div>               DFS(G,v);</div>\n<div>     }</div>\n<div>     return ;</div>\n<div>}</div>\n<div>int main()</div>\n<div>{</div>\n<div>     Graph G;</div>\n<div>     InitGraph(G);</div>\n<div>     DFSTraverse(G);</div>\n<div>     return 0;</div>\n<div>}</div>\n</div>\n<div>邻接表</div>\n<div>----------data.txt-----------</div>\n<div>\n<div>6 9</div>\n<div>0 1 20</div>\n<div>0 2 16</div>\n<div>1 4 13</div>\n<div>1 2 15</div>\n<div>1 5 28</div>\n<div>5 4 12</div>\n<div>4 3 12</div>\n<div>2 3 14</div>\n<div>5 3 12</div>\n</div>\n<div>---------code.cpp----------</div>\n<div>\n<div>#include&lt;stdio.h&gt;</div>\n<div>#include&lt;stdlib.h&gt;</div>\n<div>#define Max_vnum 50</div>\n<div>int visited[Max_vnum];</div>\n<div>typedef struct ArcNode{</div>\n<div>     int adjvex;</div>\n<div>     double weight;</div>\n<div>     struct ArcNode *next;</div>\n<div>}ArcNode,*AdjList[Max_vnum];</div>\n<div></div>\n<div>typedef struct {</div>\n<div>     AdjList vertices;</div>\n<div>     int vexnum,arcnum;</div>\n<div>}ALGraph;</div>\n<div></div>\n<div>void InitGraph(ALGraph &amp;G)</div>\n<div>{</div>\n<div>        FILE *fin;</div>\n<div>     int adjvex,index;</div>\n<div>     double weight;</div>\n<div>     ArcNode *p,*ptem[Max_vnum];</div>\n<div>     fin=fopen("data.txt","r");</div>\n<div>     fscanf(fin,"%d%d",&amp;G.vexnum,&amp;G.arcnum);</div>\n<div>     for(int j=0;j&lt;G.vexnum;j++)</div>\n<div>     {</div>\n<div>          G.vertices[j]=(ArcNode*)malloc(sizeof(ArcNode));</div>\n<div>          G.vertices[j]-&gt;next=NULL;</div>\n<div>          ptem[j]=G.vertices[j];</div>\n<div>     }</div>\n<div>        for(int i=0;i&lt;G.arcnum;i++)</div>\n<div>     {</div>\n<div>          fscanf(fin,"%d%d%lf",&amp;adjvex,&amp;index,&amp;weight);</div>\n<div>                p=(ArcNode*)malloc(sizeof(ArcNode));</div>\n<div>          p-&gt;adjvex=adjvex;</div>\n<div>          p-&gt;weight=weight;</div>\n<div>          p-&gt;next=NULL;</div>\n<div>          ptem[index]-&gt;next=p;</div>\n<div>          ptem[index]=p;</div>\n<div>     }</div>\n<div></div>\n<div>     fclose(fin);</div>\n<div>     return ;</div>\n<div>}</div>\n<div>void DFS(ALGraph G,int v)</div>\n<div>{</div>\n<div>     ArcNode *p;</div>\n<div>     visited[v]=1;</div>\n<div>     printf("%d n",v);</div>\n<div>     p=G.vertices[v]-&gt;next;</div>\n<div>     while(p!=NULL)</div>\n<div>     {</div>\n<div>          if(!visited[p-&gt;adjvex])</div>\n<div>          {</div>\n<div>               printf("weight=%7.2lfn",p-&gt;weight);</div>\n<div>               DFS(G,p-&gt;adjvex);</div>\n<div>          }</div>\n<div>        p=p-&gt;next;</div>\n<div>     }</div>\n<div>     return ;</div>\n<div>}</div>\n<div>void DFSTraverse(ALGraph G)</div>\n<div>{</div>\n<div>     for(int v=0;v&lt;G.vexnum;v++) visited[v]=0;</div>\n<div>     for(v=0;v&lt;G.vexnum;v++)</div>\n<div>     {</div>\n<div>          if(!visited[v])</div>\n<div>               DFS(G,v);</div>\n<div>     }</div>\n<div>     return ;</div>\n<div>}</div>\n<div>int main()</div>\n<div>{</div>\n<div>     ALGraph G;</div>\n<div>     InitGraph(G);</div>\n<div>     DFSTraverse(G);</div>\n<div>     return 0;</div>\n<div>}</div>\n</div>', '2012-11-16 17:36:54', '2012-11-16 09:36:54', '2012-11-16 17:36:54', '2012-11-16 09:36:54', 1, 1, 1, 1, '', 0),
(32, 1, 6, '图的最小生成树', '普里姆算法\n\n----------data.txt-----------\n<div>\n<div>6 10</div>\n<div>0 6 1 5 0 0</div>\n<div>6 0 5 0 3 0</div>\n<div>1 5 0 5 6 4</div>\n<div>5 0 5 0 0 2</div>\n<div>0 3 6 0 0 6</div>\n<div>0 0 4 2 6 0</div>\n</div>\n<div>----------code.cpp---------</div>\n<div>\n<div>#include&lt;stdio.h&gt;</div>\n<div>#include&lt;limits.h&gt;</div>\n<div>#include&lt;stdlib.h&gt;</div>\n<div>#define Max_vnum 50</div>\n<div>typedef struct {</div>\n<div>     int arcs[Max_vnum][Max_vnum];</div>\n<div>     int vexnum,arcnum;</div>\n<div>}MGraph;</div>\n<div>struct Closedge{int adjvex;int weight;};</div>\n<div>int weight=0;</div>\n<div>void InitGraph(MGraph &amp;G)</div>\n<div>{</div>\n<div>     FILE *fin;</div>\n<div>     int t;</div>\n<div>     fin=fopen("data.txt","r");</div>\n<div>     fscanf(fin,"%d%d",&amp;G.vexnum,&amp;G.arcnum);</div>\n<div>     for(int i=0;i&lt;G.vexnum;i++)</div>\n<div>     {</div>\n<div>          for(int j=0;j&lt;G.vexnum;j++)</div>\n<div>          {</div>\n<div>               fscanf(fin,"%d",&amp;t);</div>\n<div>               if(t==0)</div>\n<div>                    G.arcs[i][j]=INT_MAX;</div>\n<div>               else</div>\n<div>                    G.arcs[i][j]=t;</div>\n<div>          }</div>\n<div>     }</div>\n<div>     fclose(fin);</div>\n<div>     return ;</div>\n<div>}</div>\n<div>void MiniSpanTree_PRIM(MGraph G,int u)</div>\n<div>{</div>\n<div>     struct Closedge closedge[Max_vnum];</div>\n<div>     int i,j,k;</div>\n<div>     int t;</div>\n<div>     k=u;</div>\n<div>     for(j=0;j&lt;G.vexnum;++j)</div>\n<div>     {</div>\n<div>          if(j!=k)</div>\n<div>          {</div>\n<div>               closedge[j].weight=G.arcs[k][j];</div>\n<div>               closedge[j].adjvex=u;</div>\n<div>          }</div>\n<div>     }</div>\n<div>     closedge[k].weight=0;</div>\n<div>    for(i=1;i&lt;G.vexnum;++i)</div>\n<div>     {</div>\n<div>          t=INT_MAX;</div>\n<div>          for(j=0;j&lt;G.vexnum;++j)</div>\n<div>          {</div>\n<div>              if(closedge[j].weight!=0)</div>\n<div>               {</div>\n<div>                    if(t&gt;closedge[j].weight)</div>\n<div>                    {</div>\n<div>                         t=closedge[j].weight;</div>\n<div>                         k=j;</div>\n<div>                    }</div>\n<div>               }</div>\n<div>          }</div>\n<div>          weight+=t;</div>\n<div>          printf("(v%d,v%d)n",closedge[k].adjvex+1,k+1);</div>\n<div>        closedge[k].weight=0;</div>\n<div>          for(j=0;j&lt;G.vexnum;++j)</div>\n<div>          {</div>\n<div>               if(G.arcs[k][j]&lt;closedge[j].weight)</div>\n<div>               {</div>\n<div>                    closedge[j].adjvex=k;</div>\n<div>                    closedge[j].weight=G.arcs[k][j];</div>\n<div>               }</div>\n<div>          }</div>\n<div>     }</div>\n<div>     return ;</div>\n<div>}</div>\n<div>int main()</div>\n<div>{</div>\n<div>     MGraph G;</div>\n<div>     InitGraph(G);</div>\n<div>     MiniSpanTree_PRIM(G,0);</div>\n<div>     printf("weight=%dn",weight);</div>\n<div>     return 0;</div>\n<div>}</div>\n</div>\n<div></div>\n<div>------------------output----------------</div>\n<div>\n\n(v1,v3)\n(v3,v6)\n(v6,v4)\n(v3,v2)\n(v2,v5)\nweight=15\n\n</div>', '2012-11-17 23:34:52', '2012-11-17 15:34:52', '2012-11-17 23:34:52', '2012-11-17 15:34:52', 1, 1, 1, 1, '', 0),
(33, 2, 4, '光影声色', 'by Littlefish\n\n小小的四方院落，堆满杂物的水泥花池里是和我同岁的石榴树，它一天天老了，每年都会长出新的皱纹和疤痕，有一天当它终于忍受不住虫子年复一年的啃噬，受不了越来越不正常的天气，受不了一辈又一辈的攀爬和掠夺，当它以不在一个新的春天重新发芽的姿态来宣告自己放弃了的时候，我们会可惜地把它移出那个小方坑，补种上其他的树木，可能还会重修打理那个小花池，使它真正的娇艳美丽。这样，就好像要昭示天下：“看，这是新的。”\n\n可是当老树不在了，我就失去了一个见证。我一直在想，和过去说再见了，就真的是再也不见了。\n\n幼儿园，出疹子\n\n流行出风疹的那段时间，身上长了小小痒痒红红的疹子，不用被带去大医院看病，只消得在小诊所里输两瓶配了什么名堂的药水，然后在屋子里呆一个星期，不要见明亮的光，电视也不要看就会自动痊愈。每天早上睡了懒觉，早饭和午饭只隔了两三个小时，中午又被哄去睡觉。下午，往往我还没睡醒时家里的人都是已经离开家了。于是就一个人在爸爸妈妈的大床上醒来，看大红金丝绒窗帘外的日影从高高的外墙顶上慢慢的向下挪，我知道一旦日影由明亮的白色变成暗暗的黄色，由外墙到窗户中间的窗棂上。大门外一定会有解锁开门的声音，大多是奶奶或妈妈回来了，然后然后赶紧闭眼装睡，在心里面细细想一回今天下午的景象。不能让她们怎么知道一个人独处的乐趣。虽然还不识几个字，看不懂报纸和书，看不懂电视也不能看，但我看得到灰尘在空中慢慢地慢慢地飘着，从光亮的“殿堂”到暗暗“平民窟”，灰尘就好像是被打入大牢，脱去了华服谁也找不到它，不知道有没有同伴愿意脱离光亮的“殿堂”和它去黑暗里。我看得到太阳在外墙上先是明亮的刺眼的傲慢的赖在那里，但肥胖残暴自大的它打不过时间，最终还是被时间拖下宝座，看着它从高高的座位上滑下一个又一个窗棂，等滑到了中间那一个，大门开锁的清脆的声音就彻底宣告它在这次战役中失败了。这时回放结束，她们也进屋来看我，嗯哼两声装作刚睡醒的样子睁开眼，等着固定的那句话：“哎呀，你这个小丫头才睡醒啊！”\n\n书和树\n\n小县城里窄马路，人多车少不拥挤。有条路两侧栽着高高大大的泡桐。树皮被雨水泡起了苍白色死皮，大大的树节睁着眼睛看着马路上的来来往往，它在等谁给它一次回头一次注视吧。夏日降临，树冠一派鲜绿，大大的手掌叶子挤挤嚷嚷的拥在一起又略略害羞着都欠着身子，不知道是不是因为受不了太阳热烈的注视。刺眼的日光经这日光过滤后碎成了星星点点洒在灰灰的柏油路上，洒在我的脚趾上。我和姐姐就在这绿荫下站着，看着爸爸把自行车停好，然后被领着通过一道神奇的楼梯，推开一扇薄薄的木门，铺面而来的书就在对着我微笑了。很普通的新华书店阅览室，很普通的书架和很普通的书，就这样一天一天的被带来看书，看成了一个两个小书虫。但最喜欢最深刻的书却不是在新华书店里看到的，而是在家啃的武侠小说。飞雪连天射白鹿，笑书神侠倚碧鸳，14本书看的当时的我昏天暗地，爸妈禁止我，那就躲在被窝里打着小手电看，装着上厕所躲在厕所看，把书拿到房顶藏在隔热层里偷空跑去看······偷着看书的最满足。\n\n窗口与其他\n\n春末夏初午时悠长，我的窗前的石榴树茂密着。我的初中，黑暗与阳光并存。阳光最令人愿意回想，那是初二下学期的阳光，摆脱了初一的不堪和混乱，被贴着头皮剪短的头发也表现出可喜的样子，乖乖地学习，和一些人交朋友，学他们的沉默，也学会了安静的笑。那时的阳光不清淡也不张扬，空气是透明的，灰尘是可见的，终日裹着长长的裤子，心中将一份小小的幻想压到最低，只在将头埋在胳膊里午睡的时候才会暗暗的让自己喜欢着······那个接踵而至的多雨的暑假，重新将自己交给了书店。有阳光的日子，就在中午街道上空无一人时走在软软的柏油路上朝着那个小小的书店前进；夏雨淫淫时，打着伞走在湿漉漉的气团里却知道我没有发霉，而是在重生，积累着重生的力量，至少，至少不再是混混噩噩的孩子了，学会与大部分人交往的技巧，没有了突兀。\n\n阳光是不能直入我的屋子，这使得我的屋子稍比外面的酷热令人舒服，刚刚适合睡午觉。可是不能睡啊！初三了，不满两个月后就要中考了，今天刚做的卷子上出错的题目还没记下，从老师那里借来的英语磁带还要再听一个练习，过会儿还要早早的去学校继续看没有看完的数学物理化学······好像好像，整个初中在初三的下学期完成了自己的第一次改变，很清楚自己想要做什么，会按部就班的心无旁骛的学习，与别人的交流更少了，更会观察了，但更漠不关心了，那是成长的初次胜利，只是那种宁静满足的感觉再也没有过了······\n\n15岁后，流于他人相同，再无故事。时隔4年，没有成长。', '2012-11-18 12:43:57', '2012-11-18 04:43:57', '2012-11-18 12:43:57', '2012-11-18 04:43:57', 1, 1, 1, 9, '', 0),
(34, 1, 6, '和archlinux初接触', '我发现每隔一段时间都想装一下系统。今天在虚拟机里装了archlinux。用的是官方的livecd，确实是livecd，只是没有桌面环境而已。比较一下还是gentoo的livecd做的比较好，那叫一个漂亮，虽然它是最难装的。而arch的livecd就略显粗糙了，只有字符界面。由于是在virtualbox中装的，也就省了配置网络的步骤。直接分区，使用cgdisk把sda分成了两个区，一个做根，一个做home，格式化文件系统，挂载分区。然后设置好源，更新源。\n\n# pacstrap /mnt base base-devel ／mnt是你挂载的根分区目录。\n# genfstab -p /mnt &gt;&gt; /mnt/etc/fstab 如果忘记这部，重启后文件系统会变成只读，不知道为什么。\n<pre># arch-chroot /mnt <span style="font-family: Georgia, ''Times New Roman'', ''Bitstream Charter'', Times, serif; line-height: 19px; white-space: normal;">若出现“chroot failed to run command /bin/sh'' no such file or directory”</span></pre>\n<pre><span style="font-family: Georgia, ''Times New Roman'', ''Bitstream Charter'', Times, serif; line-height: 19px; white-space: normal;"> 则再依次键入上面三个命令，就不知道什么时候成功了。</span></pre>\n<pre><span style="font-family: Georgia, ''Times New Roman'', ''Bitstream Charter'', Times, serif; line-height: 19px; white-space: normal;">一系列配置后，卸载livecd，重启，登录系统，默认只有字符界面，</span></pre>\n<pre><span style="font-family: Georgia, ''Times New Roman'', ''Bitstream Charter'', Times, serif; line-height: 19px; white-space: normal;">#ping www.google.com 若出现unknow host，请继续使用livecd根据archlinux-wiki设置网络。</span></pre>\n<pre><span style="font-family: Georgia, ''Times New Roman'', ''Bitstream Charter'', Times, serif; line-height: 19px; white-space: normal;">好像在由chroot进入新系统可能ping的通，但若不配置网络，直接重装好的系统启动，会无法联网（虚拟机选择的是NAT方式联网）。</span></pre>\n<pre><span style="font-family: Georgia, ''Times New Roman'', ''Bitstream Charter'', Times, serif; line-height: 19px; white-space: normal;">设置好网络后，开始安装桌面环境。</span></pre>\n<pre><span style="font-family: Georgia, ''Times New Roman'', ''Bitstream Charter'', Times, serif; line-height: 19px; white-space: normal;">首先安装X11</span></pre>\n<pre># pacman -S xorg-server xorg-xinit xorg-utils xorg-server-utils</pre>\n<pre>我们学校的源总是差几M造成无法安装，</pre>\n<pre>无奈在/etc/pacman.d/mirrorlist加上网易的源才算把X装上。</pre>\n<pre><span style="font-family: Georgia, ''Times New Roman'', ''Bitstream Charter'', Times, serif; line-height: 19px; white-space: normal;">虚拟机不用装显卡驱动，又省了不少事。</span></pre>\n<pre><span style="font-family: Georgia, ''Times New Roman'', ''Bitstream Charter'', Times, serif; line-height: 19px; white-space: normal;">安装输入设备驱动</span></pre>\n<pre># pacman -S xf86-input-synaptics （笔记本所需）</pre>\n<pre>安装测试环境</pre>\n<pre># pacman -S xorg-twm xorg-xclock xterm</pre>\n<pre>启动X 之前删除～／.xinitrc文件</pre>\n<pre>startx</pre>\n<pre>可以看到启动了一些窗口</pre>\n<pre>exit关闭X。</pre>\n<pre>然后苦难的日子就开始了。</pre>\n<pre>#pacman -S gnome gnome-extra 安装gnome，全部都装了下来，占用900多M空间，</pre>\n<pre>键入 vi ~/.xinitrc 创建.xinitrc文件 写入exec gnome-session</pre>\n<pre>startx 如图</pre>\n<pre><a href="http://jcodef.com/wp-content/uploads/2012/11/2012-11-22-164413的屏幕截图.png"><img class="alignnone size-medium wp-image-267" title="2012-11-22 16:44:13的屏幕截图" src="http://jcodef.com/wp-content/uploads/2012/11/2012-11-22-164413的屏幕截图-300x168.png" alt="" width="300" height="168" /></a></pre>\n<pre>无法启动</pre>\n<pre>#pacman -Rsn gnome 删除gnome环境</pre>\n<pre>#pacman -S kde 安装kde，全装，占用1000多M</pre>\n<pre>同样在.xinitc文件中写入 exec startkde 但X提示无法找到startkde</pre>\n<pre>无奈安装openbox窗口管理器试试。</pre>\n<pre>成功启动。</pre>\n<pre>再装e17，没成功，源里没有。</pre>\n<pre>然后装lxde ，xfce4都成功启动，但水平太低，不会配置，深感难看。</pre>\n<pre>在这几个桌面环境，图形窗口都有同样的问题：</pre>\n<pre>在浏览器中，鼠标无法滚动网页，两边都有黑框。</pre>\n<pre>然后从中午一直折腾到现在，选修课也没去上。</pre>\n<pre>再看gentoo livecd 真心叫一个漂亮。</pre>\n<pre>各种桌面环境，软件都装的不少。</pre>\n<pre>觉得自己水平太渣。</pre>\n<pre>然后想把livecd直接复制到硬盘上，直接用。以为自己想到了一个好办法。</pre>\n<pre>一搜索，发现还真行，有教程，是2007年的。</pre>\n<pre>又要一段时间不折腾了。</pre>\n<pre>参考：<a href="https://wiki.archlinux.org/index.php/Beginners%27_Guide_(%E7%AE%80%E4%BD%93%E4%B8%AD%E6%96%87)" target="blank">arch新手指南</a></pre>\n<pre></pre>', '2012-11-22 22:49:42', '2012-11-22 14:49:42', '2012-11-22 22:49:42', '2012-11-22 14:49:42', 1, 1, 1, 0, '', 0),
(35, 1, 6, '图的最短路径', '迪杰斯特拉算法\n<div>-----------data.txt-----------</div>\n<div>\n<div>6 8</div>\n<div>0 0 100 30 0 10</div>\n<div>0 0 0 0 0 5</div>\n<div>0 0 0 0 0 0</div>\n<div>0 0 60 0 20 0</div>\n<div>0 0 10 0 0 0</div>\n<div>0 0 0 0 50 0</div>\n</div>\n<div>----------code.cpp----------</div>\n<div>\n<div>#include&lt;stdio.h&gt;</div>\n<div>#include&lt;stdlib.h&gt;</div>\n<div>#include&lt;limits.h&gt;</div>\n<div>#define Max_vnum 50</div>\n<div>int final[Max_vnum];</div>\n<div>int D[Max_vnum];</div>\n<div>typedef struct Path{int adj;struct Path *next;}Path;</div>\n<div>Path *P[Max_vnum];</div>\n<div>typedef struct {</div>\n<div>     int arc[Max_vnum][Max_vnum];</div>\n<div>     int vexnum,arcnum;</div>\n<div>}MGraph;</div>\n<div>void InitGraph(MGraph &amp;G)</div>\n<div>{</div>\n<div>     FILE *fin;</div>\n<div>     int t;</div>\n<div>     fin=fopen("data.txt","r");</div>\n<div>     fscanf(fin,"%d%d",&amp;G.vexnum,&amp;G.arcnum);</div>\n<div>     for(int i=0;i&lt;G.vexnum;++i)</div>\n<div>     {</div>\n<div>          for(int j=0;j&lt;G.vexnum;++j)</div>\n<div>          {</div>\n<div>               fscanf(fin,"%d",&amp;t);</div>\n<div>               if(t==0)</div>\n<div>                    G.arc[i][j]=INT_MAX;</div>\n<div>               else</div>\n<div>                    G.arc[i][j]=t;</div>\n<div>          }</div>\n<div>     }</div>\n<div>     return ;</div>\n<div>}</div>\n<div>void ShortestPath_DIJ(MGraph G,int v0)</div>\n<div>{</div>\n<div>     int min,w,v,isend=-1;</div>\n<div>     Path *p;</div>\n<div>     for(v=0;v&lt;G.vexnum;++v)</div>\n<div>     {</div>\n<div>          final[v]=0;</div>\n<div>          D[v]=G.arc[v0][v];</div>\n<div>          P[v]=(Path*)malloc(sizeof(Path));</div>\n<div>          P[v]-&gt;next=NULL;</div>\n<div>          p=(Path*)malloc(sizeof(Path));</div>\n<div>          p-&gt;adj=v0;</div>\n<div>          p-&gt;next=NULL;</div>\n<div>          P[v]-&gt;next=p;</div>\n<div>     }</div>\n<div>     D[v0]=0;</div>\n<div>     final[v0]=1;</div>\n<div>     for(int i=1;i&lt;G.vexnum;i++)</div>\n<div>     {</div>\n<div>          min=INT_MAX;</div>\n<div>          for(w=0;w&lt;G.vexnum;++w)</div>\n<div>               if(!final[w])</div>\n<div>                    if(D[w]&lt;min)</div>\n<div>                    {</div>\n<div>                         min=D[w];</div>\n<div>                         v=w;</div>\n<div>                    }</div>\n<div>           if(isend==v)</div>\n<div>                break;</div>\n<div>          isend=v;</div>\n<div>          final[v]=1;</div>\n<div>          for(p=P[v]-&gt;next;p-&gt;next;p=p-&gt;next)</div>\n<div>               printf("v%d",p-&gt;adj)</div>\n<div>          printf("v%d",p-&gt;adj);</div>\n<div>          Path *p2;</div>\n<div>          p2=(Path*)malloc(sizeof(Path));</div>\n<div>          p2-&gt;adj=v;</div>\n<div>          p2-&gt;next=NULL;</div>\n<div>          p-&gt;next=p2;</div>\n<div>          printf("v%dn",v);</div>\n<div>          for(w=0;w&lt;G.vexnum;++w)</div>\n<div>               if(!final[w]&amp;&amp;G.arc[v][w]!=INT_MAX&amp;&amp;(min+G.arc[v][w]&lt;D[w]))</div>\n<div>               {</div>\n<div>                    //printf("%d %d %d n",min,G.arc[v][w],D[w]);</div>\n<div>                    D[w]=min+G.arc[v][w];</div>\n<div>                    P[w]=P[v];</div>\n<div>               }</div>\n<div>     }</div>\n<div>     return ;</div>\n<div>}</div>\n<div>int main()</div>\n<div>{</div>\n<div>     MGraph G;</div>\n<div>     InitGraph(G);</div>\n<div>     ShortestPath_DIJ(G,0);</div>\n<div>     getchar();</div>\n<div>     return 0;</div>\n<div>}</div>\n</div>\n<div></div>\n<div>----------Output----------</div>\n<div>\n<div>v0v5</div>\n<div>v0v3</div>\n<div>v0v3v4</div>\n<div>v0v3v4v2</div>\n<div>算是打出正确结果了，改天再认真研究一下。</div>\n</div>', '2012-11-24 00:56:11', '2012-11-23 16:56:11', '2012-11-24 00:56:11', '2012-11-23 16:56:11', 1, 1, 1, 0, '', 0),
(36, 1, 6, 'gcc无法编译cpp文件', '[junfeng7@junfeng7 shortestpath]$ gcc shortestpath.cpp\n/tmp/ccsHwAHv.o:(.eh_frame+0x13)：对‘__gxx_personality_v0’未定义的引用\ncollect2: 错误：ld 返回 1\n\ngoogle之：\n\n解决方法使用g++编译cpp文件。gcc不会帮你链接c++的运行库，但g++会。（<a href="http://joanscut.blog.163.com/blog/static/2173596020072892740595/" target="blank">来源</a>）\n\n但我在ubuntu环境下，我记得gcc也成功链接了。换了个环境gcc也变脾气了。\n\n备忘', '2012-11-30 17:49:09', '2012-11-30 09:49:09', '2012-11-30 17:49:09', '2012-11-30 09:49:09', 1, 1, 1, 0, '', 0),
(37, 1, 2, 'I like ,I don''t like', '我喜欢有阳光的窗下，读一些不厌恶的书。\n\n我喜欢平淡的心情，不因什么外物痴狂，或愤怒。\n\n我喜欢大家都有自己真正的追求，有不同的路，每人皆有所长，皆有尊敬的地方。\n\n我不喜欢自己沉迷于什么，不能自拔，或癫或狂。\n\n我不喜欢统一化的价值追求，被裹挟着，身不由己。\n\n我不喜欢追逐大家都追逐的东西，太拥挤。 我不喜欢领导他人，也不喜欢被他人领导。\n\n(感谢睿思版聊)', '2012-12-07 22:24:57', '2012-12-07 14:24:57', '2012-12-07 22:24:57', '2012-12-07 14:24:57', 1, 1, 1, 0, '', 0),
(38, 1, 4, 'windows or linux ？', 'linux在友好度，和普及程度上确实比不上windows。\n\n但现在感觉ubuntu在图形界面上做的不比windows差，\n\n而且windows的普及很大程度上是由于人事因素。\n\nlinux的优势在网络，服务器这一块。\n\n而且linux是开源免费的，更适合学习。\n\n而windows是收费闭源的。\n\n总的来说，windows更适合用户使用，linux适合系统，服务器方面的开发者使用。\n\n不过这一切都看个人爱好，无所谓高低之分。', '2012-12-07 22:59:20', '2012-12-07 14:59:20', '2012-12-07 22:59:20', '2012-12-07 14:59:20', 1, 1, 1, 1, '', 0);
INSERT INTO `posts` (`post_id`, `author_id`, `category_id`, `title`, `content`, `publish_date`, `publish_gmt`, `update_date`, `update_gmt`, `post_status`, `comment_status`, `visibility`, `comment_count`, `post_password`, `view_count`) VALUES
(39, 1, 6, 'archlinux下android环境搭建', '由于系统中已有openjdk，就开始安装eclipse\n\nsudo pacman -S eclipse\n\n在选择java版本时纠结了，是选择sun-java呢，还是openjava？\n\n刚开始选择sun-java，但网速过于慢了，就又换回了openjava\n\n安装android-sdk，android-sdk-platform-tools无法解决依赖：\n\n<a href="http://jcodef.com/wp-content/uploads/2012/12/2012-12-09-192629_740x485_scrot.png"><img class="alignnone size-medium wp-image-288" title="2012-12-09-192629_740x485_scrot" src="http://jcodef.com/wp-content/uploads/2012/12/2012-12-09-192629_740x485_scrot-300x196.png" alt="" width="300" height="196" /></a>\n\n在/etc/pacman.conf中启用multilib源\n\nsudo vim /etc/pacman.conf\n\n安装android-sdk，android-sdk-platform-tools\n\nsudo pacman -S android-sdk android-sdk-platform-tools\n\n<a href="http://jcodef.com/wp-content/uploads/2012/12/2012-12-09-193119_737x460_scrot.png"><img class="alignnone size-medium wp-image-289" title="2012-12-09-193119_737x460_scrot" src="http://jcodef.com/wp-content/uploads/2012/12/2012-12-09-193119_737x460_scrot-300x187.png" alt="" width="300" height="187" /></a>\n\n感觉文件好大啊！但到后面装eclipse-android时真的是小巫见大巫了。\n\nandroid-sdk默认安装到/opt文件夹下。\n\n使用yaourt安装eclipse-android 使用pacman无法解决依赖。\n\nsudo yaourt  -S eclipse-android （非root用户也可以）\n\n会下载这三个东东eclipse-emf   eclipse-gef    eclipse-wtp-wst。\n\n平均每个都一百多M。\n\ncd /opt/android-sdk/tools\n\n运行android脚本启动android-sdk-manager：\n\n./android\n\n若遇到权限问题把/opt/android-sdk/文件夹及其所有内容的所有者改成你自己\n\nsudo chown -R user：users /opt/android-sdk\n\nsudo也可以。\n\n选择android API版本下载安装。\n\n<a href="http://jcodef.com/wp-content/uploads/2012/12/2012-12-10-225726_668x470_scrot.png"><img class="alignnone size-medium wp-image-294" title="2012-12-10-225726_668x470_scrot" src="http://jcodef.com/wp-content/uploads/2012/12/2012-12-10-225726_668x470_scrot-300x211.png" alt="" width="300" height="211" /></a>\n\n启动eclipse，设置android-sdk路径。\n\nandroid开发环境已配置完成。\n<h6>新建android虚拟机，测试环境：</h6>\n在android-sdk-manager中找到tools-&gt;Manage AVDs，启动Android Virtual Device Manager。\n\nnew新建android虚拟机。\n\n设置参数\n\n<a href="http://jcodef.com/wp-content/uploads/2012/12/2012-12-10-223822_470x689_scrot.png"><img class="alignnone size-medium wp-image-290" title="2012-12-10-223822_470x689_scrot" src="http://jcodef.com/wp-content/uploads/2012/12/2012-12-10-223822_470x689_scrot-204x300.png" alt="" width="204" height="300" /></a>\n\nStart启动虚拟机\n\n若出现问题无法启动，按照提示提供的执行命令。\n\n若出现“fork(): Cannot allocate memory”错误，把内存调小一点试试。\n\n启动过程较慢，以为死掉，造成关了重新启动多次。\n\n最后出现android虚拟机：\n\n<a href="http://jcodef.com/wp-content/uploads/2012/12/2012-12-09-233805_1366x768_scrot.png"><img class="alignnone size-medium wp-image-291" title="2012-12-09-233805_1366x768_scrot" src="http://jcodef.com/wp-content/uploads/2012/12/2012-12-09-233805_1366x768_scrot-300x168.png" alt="" width="300" height="168" /></a>\n\n成功\n\n时间主要花在下载android-sdk和android-sdk-platform-tools上，学校源中无此软件包，只能在官网上下载，但官网已限速，而且多次出现下载完后，返回莫名错误。\n\n用yaourt下载eclipse-android依赖包时也是花费较多时间。\n\n参考：<a style="color: blue;" href="https://wiki.archlinux.org/index.php/Android_(%E7%AE%80%E4%BD%93%E4%B8%AD%E6%96%87)" target="blank">Android (简体中文)</a>', '2012-12-10 22:56:46', '2012-12-10 14:56:46', '2012-12-10 22:56:46', '2012-12-10 14:56:46', 1, 1, 1, 0, '', 0),
(40, 1, 6, '捉虫记一', '话说今天机考了。最后一道题没过，伤心，最小生成树我以前编过的！但今天再编的时候，却出现了bug。\n\nBUG1.\n<div>    for(i=0;i&lt;G.arcnum;i++)</div>\n<div>    {</div>\n<div>        scanf("%d%d%d",&amp;i,&amp;j,&amp;w);</div>\n<div>        G.a[i][j]=w;</div>\n<div>        G.a[j][i]=w;</div>\n<div>    }</div>\n<div> i华丽丽的在我眼前突变了，神不知鬼不觉！</div>\n<div></div>\n<div>BUG2.</div>\n<div>\n<div>\n<div>int wp=INT_MAX;</div>\n<div>......</div>\n<div>for(i=1;i&lt;G.vexnum;++i)</div>\n<div> {</div>\n<div>        wp=INT_MAX;//此前未加</div>\n<div>        for(j=0;j&lt;G.vexnum;++j)</div>\n<div>        {</div>\n<div>            if(closedge[j].lowcost!=0)</div>\n<div>            {</div>\n<div>                if(closedge[j].lowcost&lt;wp)</div>\n<div>                {</div>\n<div>                    k=j;</div>\n<div>                    wp=closedge[j].lowcost;</div>\n<div>                }</div>\n<div>            }</div>\n<div>        }</div>\n<div>        ......</div>\n<div>}</div>\n</div>\n<div>带注释标记的那行没有加上，就出现了完全不一样的流程。</div>\n</div>\n<div></div>\n<div></div>', '2012-12-23 18:48:09', '2012-12-23 10:48:09', '2012-12-23 18:48:09', '2012-12-23 10:48:09', 1, 1, 1, 0, '', 0),
(41, 1, 2, '这个冬天有点冷', '从图书馆出来，走在路上。枯叶快速的来到脚下，又瞬间跑开了，继续它随风飘泊的生活。雷达实验室门上的锁，奋力的敲打着缚束它的铁门，它想离开注定要待一生的地方，随狂风流浪。风嗖嗖的刮着，呼吸都有点困难了。不禁感叹，这个冬天真的有点冷。', '2012-12-29 13:06:14', '2012-12-29 05:06:14', '2012-12-29 13:06:14', '2012-12-29 05:06:14', 1, 1, 1, 0, '', 0),
(42, 1, 6, '完美的goagent', '给我们这些没钱买vpn又想出去的人带来了很大的方便。\n\nchromium 设置-&gt;高级设置-&gt; 管理证书-&gt;授权中心-&gt;导入\n\n选择 goagent/local/CA.crt\n\n全部打勾，确定。\n\nssl证书不受信任得到了解决。\n\n少部分要求证书的https也可以访问了。\n\n而在Android手机上，安装GaeProxy软件，打开，修改代理地址改成 https://yourappid.appspot.com/fetch.py\n\nGoogle+,facebook,twitter什么的，都可以访问了。', '2013-01-28 17:30:19', '2013-01-28 09:30:19', '2013-01-28 17:30:19', '2013-01-28 09:30:19', 1, 1, 1, 0, '', 0),
(43, 1, 6, '不是所有的https链接都是利民的', '话说git*hub又不能上了,开着代理,可以打开页面,但无法下载.\n\ngit clone显示:\n\n<span style="color: #0000ff;">$ git clone https://github.com/bgolub/tornado-blog.git</span>\n<span style="color: #0000ff;"> 正克隆到 ''tornado-blog''...</span>\n<span style="color: #0000ff;"> error: Could not resolve host: (nil); Unknown error while accessing https://github.com/bgolub/tornado-blog.git/info/refs?service=git-upload-pack</span>\n<span style="color: #0000ff;"> fatal: HTTP request failed</span>\n<span style="color: #0000ff;">$ ping github.com</span>\n<span style="color: #0000ff;"> ^C</span>\n\n下载zip文件吧,又出现这种情况:\n\n<a href="http://jcodef.com/wp-content/uploads/2013/02/2013-02-02-210744_1366x768_scrot.png"><img class="alignnone size-medium wp-image-321" title="2013-02-02-210744_1366x768_scrot" src="http://jcodef.com/wp-content/uploads/2013/02/2013-02-02-210744_1366x768_scrot-300x168.png" alt="" width="300" height="168" /></a>\n\n我勒那个心情啊!让我们这些程序员情何以堪啊.\n\n最后把那个zip文件地址复制出来去掉url前面的https://,竟然成功了.\n\n<a href="http://jcodef.com/wp-content/uploads/2013/02/2013-02-02-210744_1366x768_scrot1.png"><img class="alignnone size-medium wp-image-322" title="2013-02-02-210744_1366x768_scrot" src="http://jcodef.com/wp-content/uploads/2013/02/2013-02-02-210744_1366x768_scrot1-300x168.png" alt="" width="300" height="168" /></a>\n\n看来什么都是被逼出来的.\n\n&nbsp;', '2013-02-02 21:23:41', '2013-02-02 13:23:41', '2013-02-02 21:23:41', '2013-02-02 13:23:41', 1, 1, 1, 0, '', 0),
(44, 1, 6, 'signal函数和sigaction函数', '环境:Linux version 3.6.10-1-ARCH\n\n当使用系统自带signal函数处理信号时,系统并未把被捕捉到的信号加到信号屏蔽字中.\n\n使用sigaction函数实现的signal函数(apue),在调用信号处理程序时,捕捉到的信号屏蔽字被加入到信号屏蔽字,处理程序返回后,恢复到原来的屏蔽字.\n\n看来敲敲代码还是能发现一些东西的.', '2013-02-16 13:43:01', '2013-02-16 05:43:01', '2013-02-16 13:43:01', '2013-02-16 05:43:01', 1, 1, 1, 0, '', 0),
(45, 1, 4, '雪景', '&nbsp;\n\n<a href="http://jcodef.com/wp-content/uploads/2013/02/wpid-DSC_0053.jpg"><img class="alignnone size-full" title="DSC_0053.jpg" src="http://jcodef.com/wp-content/uploads/2013/02/wpid-DSC_0053.jpg" alt="image" /></a>\n\n<a href="http://jcodef.com/wp-content/uploads/2013/02/wpid-DSC_0052.jpg"><img class="alignnone size-full" title="DSC_0052.jpg" src="http://jcodef.com/wp-content/uploads/2013/02/wpid-DSC_0052.jpg" alt="image" /></a>\n\n<a href="http://jcodef.com/wp-content/uploads/2013/02/wpid-DSC_0051.jpg"><img class="alignnone size-full" title="DSC_0051.jpg" src="http://jcodef.com/wp-content/uploads/2013/02/wpid-DSC_0051.jpg" alt="image" /></a>\n\n<a href="http://jcodef.com/wp-content/uploads/2013/02/wpid-DSC_0051.jpg"><img class="alignnone size-full" title="DSC_0050.jpg" src="http://jcodef.com/wp-content/uploads/2013/02/wpid-DSC_0050.jpg" alt="image" /></a>\n\n<a href="http://jcodef.com/wp-content/uploads/2013/02/wpid-DSC_0051.jpg"><img class="alignnone size-full" title="DSC_0049.jpg" src="http://jcodef.com/wp-content/uploads/2013/02/wpid-DSC_0049.jpg" alt="image" /></a>\n\n<a href="http://jcodef.com/wp-content/uploads/2013/02/wpid-DSC_0051.jpg"><img class="alignnone size-full" title="DSC_0048.jpg" src="http://jcodef.com/wp-content/uploads/2013/02/wpid-DSC_0048.jpg" alt="image" /></a>\n\n<a href="http://jcodef.com/wp-content/uploads/2013/02/wpid-DSC_0051.jpg"><img class="alignnone size-full" title="DSC_0047.jpg" src="http://jcodef.com/wp-content/uploads/2013/02/wpid-DSC_0047.jpg" alt="image" /></a>\n\n&nbsp;\n\n<a href="http://jcodef.com/wp-content/uploads/2013/02/wpid-DSC_0051.jpg"><img class="alignnone size-full" title="DSC_0045.jpg" src="http://jcodef.com/wp-content/uploads/2013/02/wpid-DSC_0045.jpg" alt="image" /></a>', '2013-02-19 12:44:18', '2013-02-19 04:44:18', '2013-02-19 12:44:18', '2013-02-19 04:44:18', 1, 1, 1, 0, '', 0),
(46, 1, 6, 'Linux和Nvidia显卡驱动', '由于lxde也用了将近一学期了，虽说lxde比较轻量，但显示效果实在不能说美观！又不想用GNOME或者KDE之流.它们会携带一大堆莫名其妙的软件，也受不了arch下GNOME那个样子，至于KDE,比GNOME好不了哪去.而xfce4也是直追GNOME.于是再次忍不住装上Enlightenment17,上次因为感觉e17CPU占用太多，删了.但这次为了显示效果，下决心把e17装了.跟着网上的教程算是把它配置的满意了.\n但风扇也呼呼的转了起来,top命令下去，果然，Enlightenment CPU占用率百分之三十几，都是因为我的nvidia显卡没正常工作的缘故！而且貌似还在发热！你说你不工作去就算了，还拖累整个系统.BIOS中也没有关闭n卡的选项.无奈只有自食其力，上网搜解决方法.\n貌似官方源里有nvidia驱动，但无奈nvidia-utility和mesa-libgl冲突,而后者被我系统里的大部分软件依赖.也就不敢装它了.然后用了aur中的bumblebee软件,但在装nvidia-bumblebee时无法安装，看wiki中说bbswitch可以关闭独显，但我也没装成功,bbswitch-git倒是装 成功了，却不工作！无奈我又去nvidia官网下载驱动，倒是没有依赖问题,但装好之后，X服务器又启动不了了.把由nvidia-xconfig自动生成在/etc/X11/Xorg.conf删了之后才能启动桌面环境！可能是我没配置好什么.于是狠心去装官方源中的n卡驱动，大概把我电脑里的桌面程序都给删了，装上后X还是启动不了，于是删了X,最小安装Xorg,问题依旧，查看X日志发现错误信息中有“Intel”关键字，于是明白要装xf86-video-intel Intel集显的开源驱动，但它依赖mesa-libgl库，于是我明白怎么回事了：这是Intel和nvidia之间的矛盾.Fuck,可却害苦了我等 草民！', '2013-03-10 23:46:16', '2013-03-10 15:46:16', '2013-03-10 23:46:16', '2013-03-10 15:46:16', 1, 1, 1, 0, '', 0),
(47, 1, 6, 'Python２编码小结', 'Python中的编码挺让人烦的．学习了一下，记录在此．首先查看你系统默认输入输出的编码．\n<code>\n#!/usr/bin/env python\n#!---coding=utf-8---\nimport sys\nprint ''stdin_encoding:%s'' % sys.stdin.encoding\nprint ''stdout_encoding:%s'' % sys.stdout.encoding\n\nOutpUt\nstdin_encoding:UTF-8\nstdout_encoding:UTF-8\n</code>\n<code>\n&gt;&gt;&gt; a=''你好''\n&gt;&gt;&gt; a\n''xe4xbdxa0xe5xa5xbd''\n&gt;&gt;&gt; type(a)\n&lt;type ''str''&gt;\n&gt;&gt;&gt; b=a.decode(''utf-8'')\n&gt;&gt;&gt; type(b)\n&lt;type ''unicode''&gt;\n&gt;&gt;&gt; a.encode(''gbk'')\nTraceback (most recent call last):\nFile "", line 1, in\nUnicodeDecodeError: ''ascii'' codec can''t decode byte 0xe4 in position 0: ordinal not in range(128)\n</code>\n首先a的类型是str，其以UTF-8编码．str有两个关于编码的方法．\nstr.encode和str.decode\nb=a.decode(''utf-8'')   将a解码，返回类型为unicode.\n同时a又有encode方法．但a.encode(''gbk'') 抛出了解码错误．那么encode方法又有什么用呢？？\n看下面的例子：\n<code>\n>>> c=''Hello''\n>>> c\n''Hello''\n>>> c.decode(''utf-8'')\nu''Hello''\n>>> d=c.decode(''utf-8'')\n>>> d\nu''Hello''\n>>> d.encode(''gbk'')\n''Hello''\n>>> e=d.encode(''gbk'')\n>>> e\n''Hello''\n</code>\n当str变量中只含有ascii字符时使用c.encode(''gbk'')顺利通过．我想c.encode()应该是先decode再encode的，而且默认是ascii来解码的．这样因为a中含有汉字，ascii也就无法解码了．\n<code>\n>>> f=b.encode(''gbk'')\n>>> f\n''xc4xe3xbaxc3''\n>>> g=f.decode(''gbk'')\n>>> g\nu''u4f60u597d''\n>>> g==b\nTrue\n>>> f.decode(''utf-8'')\nTraceback (most recent call last):\n  File "<stdin>", line 1, in <module>\n  File "/usr/lib/python2.7/encodings/utf_8.py", line 16, in decode\n    return codecs.utf_8_decode(input, errors, True)\nUnicodeDecodeError: ''utf8'' codec can''t decode byte 0xc4 in position 0: invalid continuation byte\n</code>\n从上面可以看出汉字在不同的编码下，码值是不同的，所以decode时就要传入正确的编码方式，不然就会抛出像上面这样的异常．\n\n在Python3中str取代了unicode类型，没有了decode方法．这样str类型的变量只能encode了，返回的是bytes类型．\n\n\n', '2013-03-12 17:10:00', '2013-03-12 09:10:00', '2013-03-12 17:10:00', '2013-03-12 09:10:00', 1, 1, 1, 0, '', 0),
(48, 1, 6, 'html页面编码', 'html貌似比较简单，但今天程序却栽在设置html字符集上了．遇到这样一个页面．head头中这样写的：\n<a href="http://jcodef.com/wp-content/uploads/2013/03/2013-03-12-175823_433x21_scrot.png"><img class="alignnone size-medium wp-image-364" title="2013-03-12-175823_433x21_scrot" src="http://jcodef.com/wp-content/uploads/2013/03/2013-03-12-175823_433x21_scrot-300x14.png" alt="" width="300" height="14" /></a>\n本来是想把页面设置成utf-8编码的，但貌似这句meta没起作用，好像页面变成了gbk编码．我提交中文数据时，程序就因编码问题死掉了．等我注意到这上面的时候，整个程序的代码也快被我看完了．然后改成这样\n<a href="http://jcodef.com/wp-content/uploads/2013/03/2013-03-12-180342_670x42_scrot.png"><img class="alignnone size-medium wp-image-365" title="2013-03-12-180342_670x42_scrot" src="http://jcodef.com/wp-content/uploads/2013/03/2013-03-12-180342_670x42_scrot-300x18.png" alt="" width="300" height="18" /></a>\n果然顺利通过．这时间浪费的真冤枉．\n谁能想到错误竟然是由html页面造成的，看来细微之处别有洞天啊！', '2013-03-12 17:50:54', '2013-03-12 09:50:54', '2013-03-12 17:50:54', '2013-03-12 09:50:54', 1, 1, 1, 0, '', 0),
(49, 1, 4, '喜欢一个人', '喜欢一个人，应该是一件很幸福的事！漂泊的心有了依靠.不再焦虑，不再彷徨.远离了低级趣味,生活有了目标.\n真心喜欢一个人，不会再想其她女生，走路都不再左顾右盼.\n喜欢一个人，碰巧她也喜欢你.世界为之晴朗. 暖暖的阳光，可爱的绿叶，鲜艳的花朵，清新的空气，都在为你们祝福.\n喜欢一个人，不巧她不喜欢你，庆幸的是她没有喜欢的人.永远可以把她作为你女神，心中留有希望：突然间她会喜欢你.你喜欢她，她虽不喜欢你，但这都是你们两个人之间的事.不会心生无谓情绪.\n喜欢一个人，可她却有了喜欢的人，而且过的还很不错，你发现女神突然变成凡人，精神瞬间没了支柱.自卑，嫉妒，怨恨，无奈.多数人在这种局面选择忘记，一遍一遍伤着自己的心.最后直至不再喜欢.可能还是不够喜欢吧？很多人都做不了金岳霖老先生,一辈子只喜欢一个女子，而不论她嫁人与否.这就是爱吧！大多数人都承受不了其中的煎熬.我想金老先生也是凡人,他也能感受到那些情绪,但他一一承受，足件其对爱情之认真.\n真心喜欢一个人，就能承受她带来的所有，虽然会很难，但爱情战胜一切.', '2013-03-20 23:53:29', '2013-03-20 15:53:29', '2013-03-20 23:53:29', '2013-03-20 15:53:29', 1, 1, 1, 3, '', 0),
(50, 1, 1, '北京遇上西雅图', '<img class="alignnone" alt="" src="http://img3.douban.com/view/photo/photo/public/p1882696732.jpg" width="400" height="600" />\r\n\r\n一部物质和温情较量的爱情片．\r\n\r\n影片开头文佳佳一身金色的行头，看起来十足的傍大款的小三形象．再看Frank ,那大叔形象．仿佛就把失败写在了脸上．大叔为人很好，但却遇到了比他要强的老婆，大叔遂成全了老婆的理想，但他老婆却不懂他的好，结局也只能是离婚．而文佳佳呢，发现她得到的仅仅是一个一个名牌包之后，心中有了困惑．她虽然能够毫无顾忌的花钱．　但并不怎么高兴．因为她想要的是有人关心她，照顾她．而不是仅仅满足物质上的需求．\r\n\r\n六个月，对于爱情产生来说，不长不短．Frank 和文佳佳相互扶持，心生爱慕．但他们还是分开了两年．文佳佳虽然可以享受富太太的生活，但她毅然放弃了，因为她找到了真正的自己，就像她在片中说的那样，她要靠自己的努力来撑起孩子的生活，这样当爱情降临时，她才有接受的能力．\r\n\r\n影片的最后，文佳佳实现了在帝国大厦遇见<span style="font-size: 1rem;">所爱之人的愿望．</span>\r\n\r\n<span style="font-size: 1rem;">金钱固然很好，没有的羡慕有的．但当你真正拥有的时候，发现它不是万能的，它并不能挽回离去的心．</span>\r\n\r\n有时候女生会把他肯不肯为你花钱作为是否爱你的标准．我想说，为你花多少钱，和他是否<span style="font-size: 1rem;">真的</span><span style="line-height: 1.714285714; font-size: 1rem;">喜欢你没什么关系．当然他喜欢你，肯定愿意为你效劳的．</span>\r\n\r\n而对于男人来说，真的不能靠女人养着．相信Frank被人叫着ＤＢ心里一定不好受．\r\n\r\n找到真我，不放弃自我．这样的人生活着才有动力．\r\n\r\n<img class="alignnone" alt="" src="http://img3.douban.com/view/photo/photo/public/p1890826645.jpg" width="600" height="400" />', '2013-04-04 23:47:01', '2013-04-04 15:47:01', '2013-04-05 00:00:09', '2013-04-04 16:00:09', 1, 1, 1, 0, '', 0),
(51, 1, 4, '自助餐的心理', '吃什么的最有爱了，特别是吃自助餐．花一定数目的钱，让你随便吃，总是听起来有吸引力的．反正那么多钱也交了，不大吃，特吃就对不起自己花的钱了．话说，我虽然想吃回本，但无奈战斗力太弱，拼命吃，也吃不会本．再看他们，从坐下到站起，战斗力是和x轴垂直的．吃不回本总是令人沮丧的．于是我这样安慰自己：正因为有我们这样的人，自助餐才能开下去的．但我又饿得快，等饿的时候，有懊悔自己怎么没多吃点呢？那么多好吃的．\r\n\r\n唉，奇怪的心理．', '2013-04-05 23:17:51', '2013-04-05 15:17:51', '2013-04-05 23:17:51', '2013-04-05 15:17:51', 1, 1, 1, 0, '', 0),
(52, 1, 3, '花湖', '<span style="color: #ff00ff;">落花一片</span>\r\n<img class="alignnone" alt="" src="http://ww3.sinaimg.cn/mw690/894981ddtw1e3f88nxpwgj.jpg" width="690" height="388" />\r\n<span style="color: #ff00ff;">不能称作花海，就叫花湖吧</span>\r\n<img class="alignnone" alt="" src="http://ww2.sinaimg.cn/mw690/894981ddtw1e3f88t3hsmj.jpg" width="690" height="388" />\r\n<span style="color: #ff00ff;">难得在学校见到这么有诗意的画面</span>\r\n<img class="alignnone" alt="" src="http://ww2.sinaimg.cn/mw690/894981ddtw1e3f88z9l0jj.jpg" width="690" height="388" />\r\n<span style="color: #ff00ff;">照相的人也会被照进风景中</span>\r\n<img class="alignnone" alt="" src="http://ww4.sinaimg.cn/mw690/894981ddtw1e3f894kggkj.jpg" width="690" height="388" />\r\n<span style="color: #ff00ff;">花与花之间的距离</span>\r\n<img class="alignnone" alt="" src="http://ww3.sinaimg.cn/mw690/894981ddtw1e3f899hoemj.jpg" width="690" height="1226" />', '2013-04-05 23:41:33', '2013-04-05 15:41:33', '2013-04-06 01:07:14', '2013-04-05 17:07:14', 1, 1, 1, 0, '', 0),
(53, 1, 6, '传话游戏', '<div>非游戏规则，仅含代码．</div>\r\n<div>编程之美资格赛题一代码</div>\r\n<div>纯C++风格，那什么Ｃ风格弱暴了．</div>\r\n<div>大神轻拍．</div>\r\n<div></div>\r\n<div></div>\r\n[code language="cpp"]\r\n\r\n#include&lt;iostream&gt;\r\n#include&lt;string&gt;\r\n#include&lt;map&gt;\r\n#include&lt;vector&gt;\r\n#include&lt;cstdio&gt;\r\nusing namespace std;\r\nmap&lt;string,string&gt; word_change;\r\nvector&lt;string&gt; sentence;\r\nvoid change()\r\n{\r\n for(vector&lt;string&gt;::iterator be=sentence.begin();be!=sentence.end();++be)\r\n {\r\n if(word_change.count(*be)==0)\r\n continue;\r\n if(word_change.count(*be)==1)\r\n *be=word_change[*be];\r\n }\r\n}\r\nint main()\r\n{\r\n int T,N,M;\r\n char en;\r\n cin &gt;&gt; T;\r\n string word,key,value;\r\n for (int i=0 ;i!=T;++i)\r\n {\r\n cin &gt;&gt; N &gt;&gt; M;\r\n for (int j=0;j!=M;++j)\r\n {\r\n cin &gt;&gt; key &gt;&gt; value;\r\n word_change[key]=value;\r\n }\r\n while(cin &gt;&gt; word)\r\n {\r\n\r\nsentence.push_back(word);\r\n if((en=getchar())==''\\n''|| en==EOF)\r\n break;\r\n }\r\n for(int k=0;k!=N-1;k++)\r\n change();\r\n cout &lt;&lt; &quot;Case #&quot; &lt;&lt; i+1 &lt;&lt; &quot;:&quot;;\r\n for(vector&lt;string&gt;::iterator be=sentence.begin();be!=sentence.end();++be)\r\n cout &lt;&lt; &quot; &quot; &lt;&lt; *be ;\r\n cout &lt;&lt; endl;\r\n word_change.clear();\r\n sentence.clear();\r\n }\r\n return 0;\r\n}\r\n\r\n[/code]', '2013-04-06 23:38:10', '2013-04-06 15:38:10', '2013-04-23 19:52:01', '2013-04-23 11:52:01', 1, 1, 1, 0, '', 0),
(54, 1, 2, '心情', '蓝颜是由爱情不得而进化过来的，\n而爱情最终又会变成亲情吧.\n亲情呢，会变成什么？\n她说：也许每个蓝颜都是不甘心的.\n是吧.', '2013-04-11 23:36:38', '2013-04-11 15:36:38', '2013-04-14 23:29:04', '2013-04-14 15:29:04', 1, 1, 1, 0, '', 0),
(55, 1, 1, '萤火虫之墓', '话说好久没看宫崎骏的动画片了，想着看一部来洗涤一下我那世俗的心.然后就下了《萤火虫之墓》,看完之后没感觉到以往那种小清新的心情，反而更加沉重了.\n\n以往宫崎骏的电影都是讲小女生的成长经历的，而《萤火虫之墓》却是侧面反应战争，以亲情为表现力，同时又深刻特写着世俗.那几幅场景画面感十足，没有语言，就是一组镜头让你体会到世俗，人情世故的凄凉和心酸.\n\n战争时期，人们姓名都朝不保夕，也不能奢求那些个千千万万的类似阿姨和农夫的人有大无畏的善心.可是，看着阿姨把哥哥从废墟的家中带来的食物，极其自然的拿走，农夫漠视哥哥的苦苦哀求时，心中还是犹如被硬塞了什么东西似的.可能以前温馨情节看多了，总是期待有陌生人的善举.但现实是自始自终都没有出现.而阿姨两次盛饭的举动，对比感十足，每次吃完饭，妹妹叫着饿更是对阿姨这种行为的控诉，当然也不能说阿姨这种行为有错，她只是在做大众都会做的事情.但是她确以一句“为祖国做贡献的人就应该多得“来粉饰她的这种私心和世俗，好让她显得貌似多爱国似的，令人心生厌恶，你偏向你家人就偏吧，但这实在是和爱国没有一毛线的关系.\n\n而和周围人的冷漠强烈对比的是哥哥一直对妹妹的爱.哥哥一直照顾着妹妹的纯真心灵.为了不让妹妹在防空洞里感到害怕，哥哥抓来萤火虫装点.哥哥一直在想法子让妹妹开心.就像《美丽人生》中父亲为儿子做的那样.哥哥甚至为了妹妹去偷东西.\n\n但结局却是那么残酷，妹妹营养不良而死去，无论哥哥怎么努力都没有救活她，她的死是对战争最有力的声讨 ，人们的冷漠也一直在空气中永不散去.\n\n影片最后，战后，人们重新回到了家乡，回到了正常的生活状态，几个女孩子笑着说：“还是和以前一样.”不，对于某些人来说，生活永远都不一样了，因为战争夺走了他最爱的家人们.\n\n就像最后歌中唱的那样:There is no place like home.我想对于有过寄人篱下经历的，或者还漂泊在外的人来说，这句歌词听起来不会感到平淡吧', '2013-04-14 23:24:34', '2013-04-14 15:24:34', '2013-04-14 23:32:26', '2013-04-14 15:32:26', 1, 1, 1, 0, '', 0),
(56, 1, 6, 'tieba sign', '贴吧批量签到\r\n\r\n使用requests,bs4\r\n\r\n[code language="python"]\r\n\r\n#!/usr/bin/env python\r\n#!---coding=utf8---\r\nimport requests\r\nimport bs4\r\n\r\nurlt=''http://tieba.baidu.com/f?kw=''\r\nsignurl=''http://tieba.baidu.com/sign/add''\r\n\r\ntieba=[]\r\nf=open(''tiebas.txt'',''r'')\r\ntieba=f.read().splitlines()\r\nf.close()\r\nheaders={}\r\nf=open(''configs.txt'',''r'')\r\nfor line in f:\r\n if line[0]==''#'':\r\n continue\r\n line=line.rstrip(''\\n'')\r\n key,value=line.split(''='',1)\r\n headers[key]=value\r\nf.close()\r\n\r\ndata={}\r\ndata[''ie'']=''utf-8''\r\n\r\nfor t in tieba:\r\n data[''kw'']=t.decode(''gbk'').encode(''utf-8'')\r\n #on linux\r\n #data[''kw'']=t\r\n #t=t.decode(''utf-8'').encode(''gbk'')\r\n url=urlt+t\r\n r=requests.get(url,headers=headers)\r\n data[''tbs'']=bs4.BeautifulSoup(r.text).body.find(''script'').string.split(''&quot;'')[1].encode(''utf-8'')\r\n r=requests.post(signurl,headers=headers,data=data)\r\n if r.url==signurl:\r\n print t+''吧签到成功''.decode(''utf-8'').encode(''gbk'')\r\na=raw_input(''Press Enter to exit:'')\r\n\r\n[/code]\r\n\r\n使用PyInstaller打包成exe文件。\r\n\r\n下载地址：<a href="http://pan.baidu.com/share/link?shareid=495612&amp;uk=2887257007" target="_blank">文件</a>', '2013-05-09 17:22:48', '2013-05-09 09:22:48', '2013-05-09 17:26:03', '2013-05-09 09:26:03', 1, 1, 1, 0, '', 0),
(57, 1, 2, 'We are belong to each other', '虽然，我不信仰任何神。但今天还是要感谢一下，上帝，感谢一下爱神。\r\n\r\n当然了，更要感谢她，宽容了我。\r\n\r\nI am yours ，You are mine,We are belong to each other.', '2013-05-18 23:54:46', '2013-05-18 15:54:46', '2013-05-18 23:54:46', '2013-05-18 15:54:46', 1, 1, 1, 0, 'llx919', 0),
(58, 1, 6, '8皇后问题', '传说中的问题。\n\n传说中的算法：回溯法\n\nPython实现：\n<div>def place_queen(l):</div>\n<div>    if type(l)==list:</div>\n<div>        tq=l[-1]</div>\n<div>        k=len(l)</div>\n<div>        for i,iq in enumerate(l[0:-1],start=1):</div>\n<div>            if iq==tq or abs(iq-tq)==abs(i-k):</div>\n<div>                return False</div>\n<div></div>\n<div>        return True</div>\n<div></div>\n<div>def output_queens(number,l,n):</div>\n<div>    print "Solution:%d" % number</div>\n<div>    for i in range(1,n+1):</div>\n<div>        for j in range(1,n+1):</div>\n<div>            if j==l[i-1]:</div>\n<div>                print "1   ",</div>\n<div>            else:</div>\n<div>                print "0   ",</div>\n<div>        print ''''</div>\n<div></div>\n<div></div>\n<div>def n_queens(l,n):</div>\n<div>    nCount=0</div>\n<div>    l.append(0)</div>\n<div>    while(len(l)):</div>\n<div>        l[-1]=l[-1]+1</div>\n<div>        while(l[-1]&lt;=n and not place_queen(l)):</div>\n<div>            l[-1]+=1</div>\n<div>        if l[-1]&lt;=n:</div>\n<div>            if len(l)==n:</div>\n<div>                nCount+=1</div>\n<div>                output_queens(nCount,l,n)</div>\n<div>            else:</div>\n<div>                 l.append(0)</div>\n<div></div>\n<div>        else:</div>\n<div>            l.pop()</div>\n<div></div>\n<div>    return nCount</div>\n<div></div>\n<div></div>\n<div>def main():</div>\n<div>    n=12</div>\n<div>    l=[]</div>\n<div>    nCount=n_queens(l,n)</div>\n<div>    print "There are %d solutions!" % nCount</div>\n<div></div>\n<div>if __name__==''__main__'':</div>\n<div>    import time</div>\n<div>    start=time.clock()</div>\n<div>    main()</div>\n<div>    end=time.clock()</div>\n<div>    print "Run time: %f seconds " % (end-start)</div>\n<div></div>\n<div></div>\n<div></div>\n话说第一次感觉Python有点慢了。\n\n当n=8时命令行下需要0.852626s，IDLE运行则需要16.468123s。而当n=12命令行下时需要266.441883s，就不在IDLE下运行了。\n\n而C代码呢。n=8时，0.188s；n=12时，10.674s。\n\nC真的快的如此彪悍。\n\n附C代码：\n出处：<a href="http://blog.csdn.net/livelylittlefish/article/details/2141142" target="_blank">链接</a>\n<div>#include &lt;stdio.h&gt;</div>\n<div>#include &lt;stdlib.h&gt;</div>\n<div>#include &lt;math.h&gt;</div>\n<div>#include &lt;conio.h&gt;</div>\n<div></div>\n<div>#define MAXNUMBER 20</div>\n<div></div>\n<div>//判断当前得到的解向量是否满足问题的解</div>\n<div>bool place_queen(int x[],int k)</div>\n<div>{</div>\n<div>    int i;</div>\n<div>    for(i=1;i&lt;k;i++)</div>\n<div>    {</div>\n<div>        if((x[i]==x[k]) || (abs(x[i]-x[k])==abs(i-k)))</div>\n<div>            return false;</div>\n<div>    }</div>\n<div></div>\n<div>    return true;</div>\n<div>}</div>\n<div></div>\n<div>//将结果简单信息打印到屏幕</div>\n<div>void output_queens(int x[],int n)</div>\n<div>{</div>\n<div>    for(int i=1;i&lt;=n;i++)</div>\n<div>        printf("%3d",x[i]);</div>\n<div></div>\n<div>    printf("\\n");</div>\n<div>}</div>\n<div></div>\n<div>//将结果详细信息写入文件</div>\n<div>void output_queens(FILE *fp,int number,int x[],int n)</div>\n<div>{</div>\n<div>    fprintf(fp,"solution %d: ",number);</div>\n<div>    for(int i=1;i&lt;=n;i++)</div>\n<div>    {</div>\n<div>        for(int j=1;j&lt;=n;j++)</div>\n<div>        {</div>\n<div>            if(j==x[i])</div>\n<div>                fprintf(fp,"1  ");</div>\n<div>            else</div>\n<div>                fprintf(fp,"0  ");</div>\n<div>        }</div>\n<div>        fprintf(fp,"\\n");</div>\n<div>    }</div>\n<div>    fprintf(fp,"\\n");</div>\n<div>}</div>\n<div></div>\n<div>/************************************************************************</div>\n<div> *  n后问题求解</div>\n<div> *  input  : n, the number of queens</div>\n<div> *  output : the vector of solution, X</div>\n<div> ************************************************************************/</div>\n<div>int n_queens(FILE *fp,int n,int x[])</div>\n<div>{</div>\n<div>    int nCount=0;    //解个数</div>\n<div>    int k=1;        //先处理第1个皇后</div>\n<div>    x[1]=0;</div>\n<div></div>\n<div>    while(k&gt;0)</div>\n<div>    {</div>\n<div>        x[k]=x[k]+1;//在当前列加1的位置开始搜索</div>\n<div></div>\n<div>        while(x[k]&lt;=n &amp;&amp; !place_queen(x,k))    //当前列位置是否满足条件</div>\n<div>            x[k]=x[k]+1;    //不满足,继续搜索下一列位置</div>\n<div></div>\n<div>        if(x[k]&lt;=n)    //若存在满足条件的列</div>\n<div>        {</div>\n<div>            if(k==n)//是最后一个皇后，则得到一个最终解</div>\n<div>            {</div>\n<div>                //break;    //此处若break,则只能得到一个解</div>\n<div>                nCount++;</div>\n<div>                output_queens(x,n);    //输出</div>\n<div>                output_queens(fp,nCount,x,n);</div>\n<div>            }</div>\n<div>            else    //否则，处理下一个皇后,即第 k+1 个皇后</div>\n<div>            {</div>\n<div>                k++;</div>\n<div>                x[k]=0;</div>\n<div>            }</div>\n<div>        }</div>\n<div>        else        //若不存在满足条件的列,则回溯</div>\n<div>        {</div>\n<div>            x[k]=0;    //第k个皇后复位为0</div>\n<div>            k--;    //回溯到前一个皇后</div>\n<div>        }</div>\n<div>    }</div>\n<div></div>\n<div>    return nCount;</div>\n<div>}</div>\n<div></div>\n<div>int main()</div>\n<div>{</div>\n<div>    int n=8,x[MAXNUMBER]={0};</div>\n<div></div>\n<div>    FILE *fp=fopen("8皇后问题的解.txt","w");</div>\n<div>    if(fp==NULL)</div>\n<div>    {</div>\n<div>        printf("can not wirte file!");</div>\n<div>        exit(0);</div>\n<div>    }</div>\n<div></div>\n<div>    printf("the queens are placed on the coloums : ");</div>\n<div>    //求解并写入文件</div>\n<div>    int nCount=n_queens(fp,n,x);</div>\n<div>    printf("there are %d solutions! ",nCount);</div>\n<div>    fclose(fp);</div>\n<div></div>\n<div></div>\n<div>    return 0;</div>\n<div>}</div>\n<div></div>', '2013-05-19 01:28:08', '2013-05-18 17:28:08', '2013-05-19 01:36:56', '2013-05-18 17:36:56', 1, 1, 1, 0, '', 0),
(59, 1, 6, 'Fire Net', 'ZOJ Problem Set - 1002\r\n\r\n<style type="text/css"><!--\r\npre { font-family: monospace; color: #000000; background-color: #ffffff; } body { font-family: monospace; color: #000000; background-color: #ffffff; } .PreProc { color: #a020f0; } .Special { color: #6a5acd; } .Constant { color: #ff00ff; } .Identifier { color: #008080; } .Statement { color: #804040; font-weight: bold; } -->\r\n--></style>\r\n<pre><span class="Statement">def</span> <span class="Identifier">Input</span>(L,n):\r\n        <span class="Statement">if</span> <span class="Identifier">type</span>(L)==<span class="Identifier">list</span>:\r\n                <span class="Statement">for</span> i <span class="Statement">in</span> <span class="Identifier">range</span>(<span class="Constant">0</span>,n):\r\n                        L.append([t <span class="Statement">for</span> t <span class="Statement">in</span> sys.stdin.readline().rstrip(<span class="Constant">''</span><span class="Special">\\n</span><span class="Constant">''</span>)])\r\n<span class="Statement">def</span> <span class="Identifier">place_bh</span>(L,row,col,n):\r\n        <span class="Statement">if</span> L[row][col]==<span class="Constant">''X''</span>:\r\n                <span class="Statement">return</span> <span class="Identifier">False</span>\r\n        j=n-<span class="Constant">1</span>\r\n        <span class="Statement">while</span>(j&gt;=<span class="Constant">0</span>):\r\n                <span class="Statement">if</span> j==col:\r\n                        j-=<span class="Constant">1</span>\r\n                        <span class="Statement">continue</span>\r\n                <span class="Statement">if</span> L[row][j]==<span class="Constant">''X''</span>:\r\n                        <span class="Statement">break</span>\r\n                <span class="Statement">if</span> L[row][j]==<span class="Constant">''O''</span>:\r\n                        <span class="Statement">return</span> <span class="Identifier">False</span>\r\n                j-=<span class="Constant">1</span>\r\n\r\n        k=n-<span class="Constant">1</span>\r\n        <span class="Statement">while</span>(k&gt;=<span class="Constant">0</span>):\r\n                <span class="Statement">if</span> k==row:\r\n                        k-=<span class="Constant">1</span>\r\n                        <span class="Statement">continue</span>\r\n                <span class="Statement">if</span> L[k][col]==<span class="Constant">''X''</span>:\r\n                        <span class="Statement">break</span>\r\n                <span class="Statement">if</span> L[k][col]==<span class="Constant">''O''</span>:\r\n                        <span class="Statement">return</span> <span class="Identifier">False</span>\r\n                k-=<span class="Constant">1</span>\r\n\r\n        <span class="Statement">return</span> <span class="Identifier">True</span>\r\n\r\n<span class="Statement">def</span> <span class="Identifier">FindMax</span>(L,k,n):\r\n        curnum=<span class="Constant">0</span>\r\n        j=k\r\n        <span class="Statement">while</span> j&lt;k+n*n:\r\n                <span class="Statement">if</span> j&gt;=n*n:\r\n                        z=j-n*n\r\n                <span class="Statement">else</span>:\r\n                        z=j\r\n\r\n                row=z/n\r\n                col=z%n\r\n                <span class="Statement">if</span> place_bh(L,row,col,n):\r\n                        L[row][col]=<span class="Constant">''O''</span>\r\n                        curnum+=<span class="Constant">1</span>\r\n\r\n                j+=<span class="Constant">1</span>\r\n\r\n        <span class="Statement">return</span> curnum\r\n\r\n<span class="Statement">def</span> <span class="Identifier">main</span>():\r\n        <span class="Statement">while</span> <span class="Identifier">True</span>:\r\n                n=<span class="Identifier">int</span>(sys.stdin.readline().rstrip(<span class="Constant">''</span><span class="Special">\\n</span><span class="Constant">''</span>))\r\n                <span class="Statement">if</span> n==<span class="Constant">0</span>:\r\n                        <span class="Statement">break</span>\r\n\r\n                L=[]\r\n                maxn=<span class="Constant">0</span>\r\n                Input(L,n)\r\n                <span class="Statement">for</span> k <span class="Statement">in</span> <span class="Identifier">range</span>(<span class="Constant">0</span>,n*n):\r\n                        t=copy.deepcopy(L)\r\n                        curn=FindMax(t,k,n)\r\n                        <span class="Statement">if</span> maxn&lt;curn:\r\n                                maxn=curn\r\n\r\n                <span class="Identifier">print</span> maxn\r\n\r\n<span class="Statement">if</span> __name__==<span class="Constant">''__main__''</span>:\r\n        <span class="PreProc">import</span> copy\r\n        <span class="PreProc">import</span> sys\r\n        main()</pre>\r\n突然发现我没有用回溯法哎。\r\n\r\nPython做算法可以偷懒。呵呵\r\n\r\n参考：<a href="http://www.cnblogs.com/phinecos/archive/2008/09/18/1293017.html">链接</a>', '2013-05-20 20:24:36', '2013-05-20 12:24:36', '2013-05-20 20:27:38', '2013-05-20 12:27:38', 1, 1, 1, 0, '', 0),
(60, 1, 2, '话不对思维', '“什么面？”\n“牛肉面.”\n“辣椒要不？”\n“少放点辣椒.”\n“多放？”\n“嗯.”\n于是他就弄了一大勺辣椒酱.\n我累那个后悔啊～', '2013-05-22 21:01:15', '2013-05-22 13:01:15', '2013-05-22 21:01:15', '2013-05-22 13:01:15', 1, 1, 1, 0, '', 0),
(61, 1, 6, 'Crashing Balloon', '<style type="text/css"><!--\npre { font-family: monospace; color: #000000; background-color: #ffffff; } body { font-family: monospace; color: #000000; background-color: #ffffff; } .Comment { color: #0000ff; } .Type { color: #2e8b57; font-weight: bold; } .Statement { color: #804040; font-weight: bold; } .Constant { color: #ff00ff; } .PreProc { color: #a020f0; } -->\n--></style>ZOJ Problem Set - 1003 Crashing Balloon\n<pre><span class="PreProc">#include</span><span class="Constant">&lt;iostream&gt;</span>\n<span class="PreProc">#include</span><span class="Constant">&lt;cstring&gt;</span>\n<span class="Statement">using</span> <span class="Type">namespace</span> std;\n<span class="Type">int</span> cur[<span class="Constant">101</span>];<span class="Comment">//记录1~100的数的使用与否。</span>\n<span class="Type">int</span> af[<span class="Constant">101</span>];<span class="Comment">//记录数a的因式足迹以便回溯</span>\n<span class="Type">int</span> bf[<span class="Constant">101</span>];<span class="Comment">//记录数b的...</span>\n<span class="Type">int</span> CheckMax(<span class="Type">int</span> a)<span class="Comment">//类似于求解b的因式</span>\n{\n    <span class="Type">int</span> k=<span class="Constant">1</span>;\n    bf[k]=<span class="Constant">1</span>;\n    <span class="Statement">while</span>(k&gt;<span class="Constant">0</span>)\n    {\n        <span class="Type">int</span> i=bf[k]+<span class="Constant">1</span>;\n        <span class="Statement">while</span>(i&lt;=<span class="Constant">100</span>)\n        {\n            <span class="Statement">if</span>(!cur[i])\n                <span class="Statement">if</span>(a%i==<span class="Constant">0</span>)\n                {\n                    bf[k]=i;\n                    bf[++k]=i;\n                    cur[i]=<span class="Constant">1</span>;\n                    a/=i;\n                    <span class="Statement">break</span>;\n                }\n            ++i;\n        }\n        <span class="Statement">if</span>(a==<span class="Constant">1</span>)\n            <span class="Statement">return</span> <span class="Constant">1</span>;\n        <span class="Statement">if</span>(i==<span class="Constant">101</span>)\n        {\n            --k;\n            <span class="Statement">if</span>(k==<span class="Constant">0</span>)\n                <span class="Statement">break</span>;\n            cur[bf[k]]=<span class="Constant">0</span>;\n            a*=bf[k];\n        }\n    }\n    <span class="Statement">return</span> <span class="Constant">0</span>;\n}\n<span class="Type">int</span> Checkab(<span class="Type">int</span> a,<span class="Type">int</span> b)<span class="Comment">//回溯法求出b的所有因式。</span>\n{\n    <span class="Type">int</span> k=<span class="Constant">1</span>,s=<span class="Constant">0</span>;\n    af[k]=<span class="Constant">1</span>;<span class="Comment">//初始状态</span>\n    <span class="Statement">while</span>(k&gt;<span class="Constant">0</span>)\n    {\n        <span class="Type">int</span> i=af[k]+<span class="Constant">1</span>;\n        <span class="Statement">while</span>(i&lt;=<span class="Constant">100</span>)\n        {\n            <span class="Statement">if</span>(!cur[i])\n                <span class="Statement">if</span>(b%i==<span class="Constant">0</span>)\n                {\n                    cur[i]=<span class="Constant">1</span>;\n                    af[k]=i;<span class="Comment">//第k个因子</span>\n                    af[++k]=i;<span class="Comment">//判断第k+1个，从i+1开始</span>\n                    b/=i;\n                    <span class="Statement">break</span>;\n                }\n            ++i;\n        }\n        <span class="Statement">if</span>(b==<span class="Constant">1</span>)<span class="Comment">//找到b的一个因式</span>\n        {\n            <span class="Statement">if</span>(CheckMax(a))\n                <span class="Statement">return</span> <span class="Constant">1</span>;\n            cur[af[--k]]=<span class="Constant">0</span>;<span class="Comment">//回溯到第k-1个</span>\n            s=<span class="Constant">1</span>;<span class="Comment">//标记b能被分解</span>\n            b*=af[k];<span class="Comment">//b回溯</span>\n        }\n        <span class="Statement">if</span>(i==<span class="Constant">101</span>)\n        {\n            k--;<span class="Comment">//第k个因子没找到，回溯</span>\n            <span class="Statement">if</span> (k==<span class="Constant">0</span>)\n                <span class="Statement">break</span>;\n            cur[af[k]]=<span class="Constant">0</span>;<span class="Comment">//解除占用</span>\n            b*=af[k];<span class="Comment">//b回溯到上一状态</span>\n        }\n    }\n    <span class="Statement">if</span>(s==<span class="Constant">1</span>)\n        <span class="Statement">return</span> <span class="Constant">0</span>;\n    <span class="Statement">else</span>\n        <span class="Statement">return</span> <span class="Constant">1</span>;\n}\n<span class="Type">int</span> main()\n{\n    <span class="Type">int</span> a,b,t;\n    <span class="Statement">while</span>(cin &gt;&gt; a &gt;&gt; b)\n    {\n        memset(cur,<span class="Constant">0</span>,<span class="Statement">sizeof</span>(cur));\n        <span class="Statement">if</span>(a&lt;b)\n        {\n            t=a;\n            a=b;\n            b=t;\n        }\n        <span class="Statement">if</span>(Checkab(a,b))\n            cout &lt;&lt; a &lt;&lt; endl;\n        <span class="Statement">else</span>\n            cout &lt;&lt; b &lt;&lt; endl;\n    }\n    <span class="Statement">return</span> <span class="Constant">0</span>;\n}</pre>\n两个函数似乎可以合成一个。算了，AC了就行。算是用了一下回溯思想。', '2013-05-24 17:15:21', '2013-05-24 09:15:21', '2013-05-24 17:17:54', '2013-05-24 09:17:54', 1, 1, 1, 0, '', 0);
INSERT INTO `posts` (`post_id`, `author_id`, `category_id`, `title`, `content`, `publish_date`, `publish_gmt`, `update_date`, `update_gmt`, `post_status`, `comment_status`, `visibility`, `comment_count`, `post_password`, `view_count`) VALUES
(62, 1, 6, 'Anagrams by Stack', '<style type="text/css"><!--\r\npre { font-family: monospace; color: #000000; background-color: #ffffff; } body { font-family: monospace; color: #000000; background-color: #ffffff; } .Special { color: #6a5acd; } .Comment { color: #0000ff; } .Type { color: #2e8b57; font-weight: bold; } .Statement { color: #804040; font-weight: bold; } .Constant { color: #ff00ff; } .PreProc { color: #a020f0; } -->\r\n--></style>ZOJ Problem Set - 1004 Anagrams by Stack\r\n题目：<a href="http://acm.zju.edu.cn/onlinejudge/showProblem.do?problemCode=1004" target="blank">来源</a>\r\n<pre><span class="PreProc">#include </span><span class="Constant">&lt;iostream&gt;</span>\r\n<span class="PreProc">#include</span><span class="Constant">&lt;cstring&gt;</span>\r\n<span class="Statement">using</span> <span class="Type">namespace</span> std;\r\n<span class="PreProc">#define N </span><span class="Constant">100</span>\r\n<span class="Type">char</span> source[<span class="Constant">100</span>];<span class="Comment">//原word</span>\r\n<span class="Type">char</span> target[<span class="Constant">100</span>];<span class="Comment">//目标word</span>\r\n<span class="Type">char</span> pop_push[<span class="Constant">200</span>];<span class="Comment">//栈操作序列</span>\r\n<span class="Type">char</span> stackf[<span class="Constant">100</span>];<span class="Comment">//保存栈中栈中当前情况</span>\r\n<span class="Type">char</span> out[<span class="Constant">100</span>];<span class="Comment">//保存生成word</span>\r\n<span class="Type">void</span> Search(<span class="Type">int</span> n,<span class="Type">int</span> p)<span class="Comment">//递归出所有的进栈出栈操作</span>\r\n{\r\n    <span class="Statement">if</span>(p==<span class="Constant">2</span>*n)<span class="Comment">//边界条件</span>\r\n    {\r\n        <span class="Type">int</span> i=<span class="Constant">0</span>,s=<span class="Constant">0</span>,f=<span class="Constant">0</span>,o=<span class="Constant">0</span>;<span class="Comment">//s指向当前要进栈的字母，f指向栈顶，o指向out中当前可放位置</span>\r\n        <span class="Statement">for</span> (;i!=p;++i)\r\n        {\r\n            <span class="Statement">if</span>(pop_push[i]==<span class="Constant">''i''</span>)\r\n            {\r\n                <span class="Statement">if</span>(s==n)\r\n                    <span class="Statement">break</span>;<span class="Comment">//不合法的进栈，跳出</span>\r\n                stackf[f++]=source[s++];\r\n            }\r\n            <span class="Statement">else</span>\r\n            {\r\n                <span class="Statement">if</span>(f==<span class="Constant">0</span>)\r\n                    <span class="Statement">break</span>;<span class="Comment">//不合法的出栈，跳出</span>\r\n                out[o++]=stackf[--f];\r\n            }\r\n        }\r\n        out[o]=<span class="Special">''\\0''</span>;\r\n        <span class="Statement">if</span>(strcmp(target,out)==<span class="Constant">0</span>)\r\n        {\r\n            <span class="Type">int</span> i;\r\n            <span class="Statement">for</span> (i=<span class="Constant">0</span>;i!=p;++i)<span class="Comment">//输出</span>\r\n                cout &lt;&lt; pop_push[i] &lt;&lt; <span class="Constant">" "</span>;\r\n            cout &lt;&lt; endl;\r\n        }\r\n        <span class="Statement">return</span> ;\r\n    }\r\n    pop_push[p++]=<span class="Constant">''i''</span>;<span class="Comment">//首先进栈</span>\r\n    Search(n,p);<span class="Comment">//递归到下一层</span>\r\n    pop_push[p-<span class="Constant">1</span>]=<span class="Constant">''o''</span>;<span class="Comment">//退回，改成出栈</span>\r\n    Search(n,p);<span class="Comment">//下一层</span>\r\n}\r\n<span class="Type">int</span> main()\r\n{\r\n    <span class="Statement">while</span> (cin &gt;&gt; source &gt;&gt; target)\r\n    {\r\n        <span class="Type">int</span> n=strlen(source);\r\n        cout &lt;&lt; <span class="Constant">"["</span> &lt;&lt; endl;\r\n        Search(n,<span class="Constant">0</span>);\r\n        cout &lt;&lt; <span class="Constant">"]"</span> &lt;&lt; endl;\r\n    }\r\n    <span class="Statement">return</span> <span class="Constant">0</span>;\r\n}</pre>\r\n递归出所有栈操作，排除不合法的。找到满足条件的操作序列。', '2013-05-29 23:40:35', '2013-05-29 15:40:35', '2013-05-29 23:40:35', '2013-05-29 15:40:35', 1, 1, 1, 0, '', 0),
(63, 1, 6, 'Jugs', '<style type="text/css"><!--\npre { font-family: monospace; color: #000000; background-color: #ffffff; } body { font-family: monospace; color: #000000; background-color: #ffffff; } .Type { color: #2e8b57; font-weight: bold; } .Statement { color: #804040; font-weight: bold; } .Constant { color: #ff00ff; } .PreProc { color: #a020f0; } -->\n--></style>ZOJ Problem Set - 1005 Jugs\n题目：<a href="http://acm.zju.edu.cn/onlinejudge/showProblem.do?problemCode=1005" target="blank">来源</a>\n<pre><span class="PreProc">#include </span><span class="Constant">&lt;iostream&gt;</span>\n<span class="Statement">using</span> <span class="Type">namespace</span> std;\n<span class="Type">int</span> Ca,Cb,N;\n<span class="Type">void</span> work()\n{\n    <span class="Type">int</span> a=<span class="Constant">0</span>,b=<span class="Constant">0</span>;\n    <span class="Statement">if</span>(Cb==N)\n        cout &lt;&lt; <span class="Constant">"fill B"</span> &lt;&lt; endl;\n    <span class="Statement">else</span>\n    {\n        <span class="Statement">if</span>(Ca==N)\n        {\n            cout &lt;&lt; <span class="Constant">"fill A"</span> &lt;&lt; endl;\n            cout &lt;&lt; <span class="Constant">"pour A B"</span> &lt;&lt; endl;\n        }\n        <span class="Statement">else</span>\n        {\n            <span class="Statement">while</span>(b!=N)\n            {\n                <span class="Statement">if</span>(a==<span class="Constant">0</span>)\n                {\n                    cout &lt;&lt; <span class="Constant">"fill A"</span> &lt;&lt; endl;\n                    a=Ca;\n                }\n                <span class="Statement">else</span> <span class="Statement">if</span>(b==Cb)\n                {\n                    b=a;\n                    cout &lt;&lt; <span class="Constant">"empty B"</span> &lt;&lt; endl;\n                    a=<span class="Constant">0</span>;\n                    cout &lt;&lt; <span class="Constant">"pour A B"</span> &lt;&lt; endl;\n                }\n                <span class="Statement">else</span> <span class="Statement">if</span>(a+b&gt;Cb)\n                {\n                    a-=Cb-b;\n                    b=Cb;\n                    cout &lt;&lt; <span class="Constant">"pour A B"</span> &lt;&lt; endl;\n                }\n                <span class="Statement">else</span>\n                {\n                    b+=a;\n                    a=<span class="Constant">0</span>;\n                    cout &lt;&lt; <span class="Constant">"pour A B"</span> &lt;&lt; endl;\n                }\n            }\n        }\n    }\n    cout &lt;&lt; <span class="Constant">"success"</span> &lt;&lt; endl;\n}\n<span class="Type">int</span> main()\n{\n    <span class="Statement">while</span>(cin &gt;&gt; Ca &gt;&gt; Cb &gt;&gt; N)\n    {\n        work();\n    }\n    <span class="Statement">return</span> <span class="Constant">0</span>;\n}</pre>\n回溯，深度优先搜索，直接死循环了。\n然后搜到了互质数的一个性质。貌似广度优先搜索也可以，没试，层次比较深的话，估计会超出内存限制。\n参考：<a href="http://www.cnblogs.com/phinecos/archive/2008/09/21/1295472.html" target="blank">链接</a>', '2013-05-30 00:05:08', '2013-05-29 16:05:08', '2013-05-30 00:05:08', '2013-05-29 16:05:08', 1, 1, 1, 2, '', 0),
(65, 1, 2, 'test', '<p>你好，世界．</p><p>Hi,ueditor.</p>', '2013-08-26 10:46:05', '2013-08-26 10:46:05', '2013-08-26 10:58:03', '2013-08-26 10:58:03', 4, 1, 1, 0, '', 0),
(66, 1, 6, 'test', '<pre class="brush:python;toolbar:false">#!/usr/bin/env&nbsp;python\r\n#---coding=utf8---\r\nimport&nbsp;tornado.web\r\nimport&nbsp;tornado.httpserver\r\nimport&nbsp;tornado.ioloop\r\nimport&nbsp;tornado.options\r\n\r\n\r\nimport&nbsp;MySQLdb\r\n\r\n\r\nfrom&nbsp;tornado.options&nbsp;import&nbsp;define,&nbsp;options\r\n\r\nfrom&nbsp;settings&nbsp;import&nbsp;settings\r\nfrom&nbsp;handlers&nbsp;import&nbsp;handlers\r\n\r\n\r\n\r\ndefine(&quot;port&quot;,&nbsp;default=8888,&nbsp;help=&quot;run&nbsp;on&nbsp;the&nbsp;given&nbsp;port&quot;,&nbsp;type=int)\r\ndefine(&quot;mysql_host&quot;,&nbsp;default=&quot;127.0.0.1&quot;,&nbsp;help=&quot;blog&nbsp;database&nbsp;host&quot;)\r\ndefine(&quot;mysql_port&quot;,default=3306,help=&quot;blog&nbsp;database&nbsp;post&quot;)\r\ndefine(&quot;mysql_database&quot;,&nbsp;default=&quot;blog&quot;,&nbsp;help=&quot;blog&nbsp;database&nbsp;name&quot;)\r\ndefine(&quot;mysql_user&quot;,&nbsp;default=&quot;blog&quot;,&nbsp;help=&quot;blog&nbsp;database&nbsp;user&quot;)\r\ndefine(&quot;mysql_password&quot;,&nbsp;default=&quot;blog&quot;,&nbsp;help=&quot;blog&nbsp;database&nbsp;password&quot;)\r\n\r\n\r\n\r\n\r\n\r\nclass&nbsp;Application(tornado.web.Application):\r\n&nbsp;&nbsp;&nbsp;&nbsp;def&nbsp;__init__(self):\r\n&nbsp;&nbsp;&nbsp;&nbsp;&nbsp;&nbsp;&nbsp;&nbsp;tornado.web.Application.__init__(self,&nbsp;handlers,&nbsp;**settings)\r\n\r\n&nbsp;&nbsp;&nbsp;&nbsp;&nbsp;&nbsp;&nbsp;&nbsp;#&nbsp;Have&nbsp;one&nbsp;global&nbsp;connection&nbsp;to&nbsp;the&nbsp;blog&nbsp;DB&nbsp;across&nbsp;all&nbsp;handlers\r\n&nbsp;&nbsp;&nbsp;&nbsp;&nbsp;&nbsp;&nbsp;&nbsp;self.conn&nbsp;=&nbsp;MySQLdb.connect(\r\n&nbsp;&nbsp;&nbsp;&nbsp;&nbsp;&nbsp;&nbsp;&nbsp;&nbsp;&nbsp;&nbsp;&nbsp;host=options.mysql_host,&nbsp;db=options.mysql_database,\r\n&nbsp;&nbsp;&nbsp;&nbsp;&nbsp;&nbsp;&nbsp;&nbsp;&nbsp;&nbsp;&nbsp;&nbsp;port=options.mysql_port,charset=&quot;utf8&quot;,\r\n&nbsp;&nbsp;&nbsp;&nbsp;&nbsp;&nbsp;&nbsp;&nbsp;&nbsp;&nbsp;&nbsp;&nbsp;user=options.mysql_user,&nbsp;passwd=options.mysql_password)\r\n\r\n\r\n\r\n\r\ndef&nbsp;main():\r\n&nbsp;&nbsp;&nbsp;&nbsp;tornado.options.parse_command_line()\r\n&nbsp;&nbsp;&nbsp;&nbsp;http_server&nbsp;=&nbsp;tornado.httpserver.HTTPServer(Application())\r\n&nbsp;&nbsp;&nbsp;&nbsp;http_server.listen(options.port)\r\n&nbsp;&nbsp;&nbsp;&nbsp;tornado.ioloop.IOLoop.instance().start()\r\n\r\n\r\nif&nbsp;__name__&nbsp;==&nbsp;&quot;__main__&quot;:\r\n&nbsp;&nbsp;&nbsp;&nbsp;main()</pre><p><br/></p>', '2013-08-26 10:55:29', '2013-08-26 10:55:29', '2013-08-26 10:57:22', '2013-08-26 10:57:22', 4, 1, 1, 0, '', 0);

-- --------------------------------------------------------

--
-- 表的结构 `post_tag`
--

CREATE TABLE IF NOT EXISTS `post_tag` (
  `post_id` int(11) NOT NULL,
  `tag_id` int(11) NOT NULL,
  PRIMARY KEY (`post_id`,`tag_id`)
) ENGINE=InnoDB DEFAULT CHARSET=utf8;

--
-- 转存表中的数据 `post_tag`
--

INSERT INTO `post_tag` (`post_id`, `tag_id`) VALUES
(1, 40),
(2, 10),
(3, 23),
(4, 46),
(5, 31),
(6, 37),
(7, 24),
(8, 49),
(9, 0),
(10, 35),
(11, 0),
(12, 29),
(13, 28),
(14, 22),
(15, 44),
(16, 39),
(17, 45),
(18, 18),
(19, 4),
(20, 5),
(21, 17),
(22, 6),
(23, 15),
(24, 25),
(25, 30),
(26, 8),
(27, 20),
(28, 14),
(28, 21),
(29, 48),
(30, 12),
(31, 36),
(32, 33),
(33, 32),
(34, 2),
(35, 27),
(36, 42),
(37, 13),
(38, 41),
(39, 1),
(40, 3),
(41, 34),
(42, 8),
(43, 8),
(43, 11),
(44, 19),
(45, 47),
(46, 38),
(47, 7),
(47, 16),
(48, 7),
(48, 9),
(49, 26),
(50, 50),
(51, 51),
(52, 52),
(53, 53),
(55, 54),
(56, 62),
(57, 55),
(58, 56),
(59, 57),
(61, 58),
(62, 59),
(63, 60),
(64, 63),
(65, 64),
(66, 64);

-- --------------------------------------------------------

--
-- 表的结构 `tags`
--

CREATE TABLE IF NOT EXISTS `tags` (
  `tag_id` int(11) NOT NULL AUTO_INCREMENT,
  `tag_name` varchar(100) NOT NULL,
  `tag_count` int(11) DEFAULT NULL,
  PRIMARY KEY (`tag_id`),
  UNIQUE KEY `tag_name` (`tag_name`)
) ENGINE=InnoDB  DEFAULT CHARSET=utf8 AUTO_INCREMENT=65 ;

--
-- 转存表中的数据 `tags`
--

INSERT INTO `tags` (`tag_id`, `tag_name`, `tag_count`) VALUES
(0, '无标签', 2),
(1, 'android-sdk', 1),
(2, 'arch安装', 1),
(3, 'BUG', 1),
(4, 'Debian安装', 1),
(5, 'Debian装google chrome', 1),
(6, 'Django_Template', 1),
(7, 'encode', 2),
(8, 'goagent', 3),
(9, 'html', 1),
(10, 'html表格', 1),
(11, 'https', 1),
(12, 'lifetyle', 1),
(13, 'like and not like', 1),
(14, 'mentohust', 1),
(15, 'MySQLdb安装', 1),
(16, 'Python', 1),
(17, 'python server', 1),
(18, 'python-tornado', 1),
(19, 'signal', 1),
(20, 'subprocess', 1),
(21, 'ubuntu', 1),
(22, 'U盘启动', 1),
(23, '“王”与“士”', 1),
(24, '关闭QQ空间', 1),
(25, '写后台', 1),
(26, '喜欢一个人', 1),
(27, '图的最短路径', 1),
(28, '大一总结', 1),
(29, '微博同步', 1),
(30, '急功近利了', 1),
(31, '成长之路', 1),
(32, '成长和书', 1),
(33, '最小生成树', 1),
(34, '有点冷', 1),
(35, '校园风景', 1),
(36, '深度优先搜索', 1),
(37, '电脑掉线', 1),
(38, '瞎折腾', 1),
(39, '短板音乐', 1),
(40, '码农', 1),
(41, '系统差别', 1),
(42, '编译cpp', 1),
(43, '网络掉线', 1),
(44, '裸考', 1),
(45, '选课', 1),
(46, '钢炼', 1),
(47, '雪景', 1),
(48, '风冷光暖', 1),
(49, '驾照考试', 1),
(50, '北京遇上西雅图', 1),
(51, '自助餐', 1),
(52, '落花', 1),
(53, '传话游戏', 1),
(54, '萤火虫之墓', 1),
(55, 'You', 1),
(56, '皇后问题', 1),
(57, 'ZOJ1002', 1),
(58, 'ZOJ1003', 1),
(59, 'stack', 1),
(60, '互质数', 1),
(62, '贴吧', 1),
(64, 'test', 2);
